Date,Timepoint,Experiment,Chamber,Treatment,Colony,Coral,Location,Turbidity,delta_FTA,MO2
30-Jun,1,1,1,C,1,1-3,NB,1.2725,-151.2,
30-Jun,1,1,2,C,2,2-5,NB,1.1425,-9.6,
30-Jun,1,1,3,C,3,3-3,NB,1.22,-1.6,
30-Jun,1,1,4,C,4,4-9,NB,2.1925,0,
30-Jun,2,1,1,C,1,1-3,NB,1.695,-4.6,
30-Jun,2,1,2,C,2,2-5,NB,1.2625,-20.8,
30-Jun,2,1,3,C,3,3-3,NB,1.325,0.3,
30-Jun,2,1,4,C,4,4-9,NB,2.165,-11.7,
30-Jun,3,1,1,C,1,1-3,NB,1.385,-5.2,
30-Jun,3,1,2,C,2,2-5,NB,1.5475,-2.2,
30-Jun,3,1,3,C,3,3-3,NB,1.38,10.3,
30-Jun,3,1,4,C,4,4-9,NB,2.0325,4,
30-Jun,4,1,1,C,1,1-3,NB,1.65,1.8,
30-Jun,4,1,2,C,2,2-5,NB,1.74,-6.1,
30-Jun,4,1,3,C,3,3-3,NB,1.64,-31.4,
30-Jun,4,1,4,C,4,4-9,NB,2.7,3.1,
30-Jun,5,1,1,C,1,1-3,NB,1.64,3.8,
30-Jun,5,1,2,C,2,2-5,NB,1.5875,-0.1,
30-Jun,5,1,3,C,3,3-3,NB,1.555,6.4,
30-Jun,5,1,4,C,4,4-9,NB,2.42,-3.8,
30-Jun,6,1,1,C,1,1-3,NB,1.715,1.3,
30-Jun,6,1,2,C,2,2-5,NB,1.7625,-2.2,
30-Jun,6,1,3,C,3,3-3,NB,1.7175,-2.8,
30-Jun,6,1,4,C,4,4-9,NB,2.1825,-9.9,
30-Jun,7,1,1,C,1,1-3,NB,1.995,-15.5,
30-Jun,7,1,2,C,2,2-5,NB,1.9325,6,
30-Jun,7,1,3,C,3,3-3,NB,1.5175,0.7,
30-Jun,7,1,4,C,4,4-9,NB,2.2475,-9.3,
30-Jun,8,1,1,C,1,1-3,NB,1.5775,-6.4,
30-Jun,8,1,2,C,2,2-5,NB,1.395,4.1,
30-Jun,8,1,3,C,3,3-3,NB,1.405,5,
30-Jun,8,1,4,C,4,4-9,NB,2.31,3.1,
30-Jun,9,1,1,C,1,1-3,NB,1.5675,-3.4,
30-Jun,9,1,2,C,2,2-5,NB,2.06,-9.3,
30-Jun,9,1,3,C,3,3-3,NB,1.865,-3.4,
30-Jun,9,1,4,C,4,4-9,NB,2.1875,-8,
30-Jun,10,1,1,C,1,1-3,NB,1.9175,45.6,
30-Jun,10,1,2,C,2,2-5,NB,1.9125,44,
30-Jun,10,1,3,C,3,3-3,NB,1.275,3.3,
30-Jun,10,1,4,C,4,4-9,NB,1.74,37.1,
30-Jun,11,1,1,C,1,1-3,NB,1.8575,2.8,
30-Jun,11,1,2,C,2,2-5,NB,1.43,NA,
30-Jun,11,1,3,C,3,3-3,NB,1.5125,-6.1,
30-Jun,11,1,4,C,4,4-9,NB,2.305,-0.3,
30-Jun,12,1,1,C,1,1-3,NB,1.95,17.7,
30-Jun,12,1,2,C,2,2-5,NB,1.91,-18,
30-Jun,12,1,3,C,3,3-3,NB,1.5225,10.8,
30-Jun,12,1,4,C,4,4-9,NB,1.8625,-7.5,
30-Jun,13,1,1,C,1,1-3,NB,2.3175,-2,
30-Jun,13,1,2,C,2,2-5,NB,1.69,-0.5,
30-Jun,13,1,3,C,3,3-3,NB,1.3025,-6.1,
30-Jun,13,1,4,C,4,4-9,NB,2.0525,3.6,
30-Jun,14,1,1,C,1,1-3,NB,1.7875,-3.9,
30-Jun,14,1,2,C,2,2-5,NB,1.7475,0.5,
30-Jun,14,1,3,C,3,3-3,NB,1.2475,-4.8,
30-Jun,14,1,4,C,4,4-9,NB,1.9975,-2.5,
30-Jun,15,1,1,C,1,1-3,NB,1.8,-1,
30-Jun,15,1,2,C,2,2-5,NB,1.34,-4.3,
30-Jun,15,1,3,C,3,3-3,NB,1.5825,-11.9,
30-Jun,15,1,4,C,4,4-9,NB,1.815,10,
30-Jun,16,1,1,C,1,1-3,NB,1.695,1.7,
30-Jun,16,1,2,C,2,2-5,NB,1.6825,7.7,
30-Jun,16,1,3,C,3,3-3,NB,1.4125,7.1,
30-Jun,16,1,4,C,4,4-9,NB,1.7925,-2.7,
30-Jun,17,1,1,C,1,1-3,NB,1.8025,16.2,
30-Jun,17,1,2,C,2,2-5,NB,1.79,9.4,
30-Jun,17,1,3,C,3,3-3,NB,2.805,-4.8,
30-Jun,17,1,4,C,4,4-9,NB,2.4175,-13.4,
30-Jun,18,1,1,C,1,1-3,NB,1.8725,14.1,
30-Jun,18,1,2,C,2,2-5,NB,1.61,0.5,
30-Jun,18,1,3,C,3,3-3,NB,2.9625,2.3,
30-Jun,18,1,4,C,4,4-9,NB,2.0525,44.5,
30-Jun,19,1,1,C,1,1-3,NB,2.29,1.4,
30-Jun,19,1,2,C,2,2-5,NB,2.1625,2.9,
30-Jun,19,1,3,C,3,3-3,NB,3.8125,-6,
30-Jun,19,1,4,C,4,4-9,NB,2.1925,-18.6,
30-Jun,20,1,1,C,1,1-3,NB,3.0875,-7.6,
30-Jun,20,1,2,C,2,2-5,NB,1.7175,3.7,
30-Jun,20,1,3,C,3,3-3,NB,3.57,-0.2,
30-Jun,20,1,4,C,4,4-9,NB,3.15,1,
30-Jun,21,1,1,C,1,1-3,NB,2.865,-3.6,
30-Jun,21,1,2,C,2,2-5,NB,1.38,0.2,
30-Jun,21,1,3,C,3,3-3,NB,3.035,38.3,
30-Jun,21,1,4,C,4,4-9,NB,2.29,33.7,
30-Jun,22,1,1,C,1,1-3,NB,2.165,9.5,
30-Jun,22,1,2,C,2,2-5,NB,1.27,3.4,
30-Jun,22,1,3,C,3,3-3,NB,3.15,3.1,
30-Jun,22,1,4,C,4,4-9,NB,2.1825,16.9,
2-Jul,1,2,1,C,5,5-9,SB,2.3475,-34.8,
2-Jul,1,2,2,C,6,6-4,SB,1.3975,-20.3,
2-Jul,1,2,3,C,7,7-4,SB,2.7475,-11.9,
2-Jul,1,2,4,C,8,8-2,SB,2.2775,2.5,
2-Jul,2,2,1,C,5,5-9,SB,1.135,-4.3,
2-Jul,2,2,2,C,6,6-4,SB,1.1375,7.2,
2-Jul,2,2,3,C,7,7-4,SB,1.4875,-3.3,
2-Jul,2,2,4,C,8,8-2,SB,1.315,-3.2,
2-Jul,3,2,1,C,5,5-9,SB,0.725,-14.4,
2-Jul,3,2,2,C,6,6-4,SB,1.3225,-1.6,
2-Jul,3,2,3,C,7,7-4,SB,2.0725,2.5,
2-Jul,3,2,4,C,8,8-2,SB,1.3975,-2.8,
2-Jul,4,2,1,C,5,5-9,SB,1.035,-2.9,
2-Jul,4,2,2,C,6,6-4,SB,1.13,-1.1,
2-Jul,4,2,3,C,7,7-4,SB,1.53,0,
2-Jul,4,2,4,C,8,8-2,SB,1.0725,1,
2-Jul,5,2,1,C,5,5-9,SB,0.9375,1.1,
2-Jul,5,2,2,C,6,6-4,SB,1.3675,4.9,
2-Jul,5,2,3,C,7,7-4,SB,2.095,-1.4,
2-Jul,5,2,4,C,8,8-2,SB,1.005,5.6,
2-Jul,6,2,1,C,5,5-9,SB,0.9575,-5.6,
2-Jul,6,2,2,C,6,6-4,SB,1.73,-7.9,
2-Jul,6,2,3,C,7,7-4,SB,1.9725,7.1,
2-Jul,6,2,4,C,8,8-2,SB,1.3675,-0.6,
2-Jul,7,2,1,C,5,5-9,SB,1.0675,-1.9,
2-Jul,7,2,2,C,6,6-4,SB,1.625,32.2,
2-Jul,7,2,3,C,7,7-4,SB,1.6625,3.4,
2-Jul,7,2,4,C,8,8-2,SB,1.3525,-17.6,
2-Jul,8,2,1,C,5,5-9,SB,1.8225,2.2,
2-Jul,8,2,2,C,6,6-4,SB,1.7725,3.1,
2-Jul,8,2,3,C,7,7-4,SB,2.135,6.6,
2-Jul,8,2,4,C,8,8-2,SB,1.57,0.1,
2-Jul,9,2,1,C,5,5-9,SB,1.7,3.7,
2-Jul,9,2,2,C,6,6-4,SB,1.3325,-7.4,
2-Jul,9,2,3,C,7,7-4,SB,2.235,2,
2-Jul,9,2,4,C,8,8-2,SB,2.1725,-4.3,
2-Jul,10,2,1,C,5,5-9,SB,1.865,-7.7,
2-Jul,10,2,2,C,6,6-4,SB,1.915,8.2,
2-Jul,10,2,3,C,7,7-4,SB,2.755,4.4,
2-Jul,10,2,4,C,8,8-2,SB,1.15,6.3,
2-Jul,11,2,1,C,5,5-9,SB,1.1075,9.5,
2-Jul,11,2,2,C,6,6-4,SB,1.4225,-2.7,
2-Jul,11,2,3,C,7,7-4,SB,2.1375,-7,
2-Jul,11,2,4,C,8,8-2,SB,1.3825,-2.6,
2-Jul,12,2,1,C,5,5-9,SB,0.6625,-4.5,
2-Jul,12,2,2,C,6,6-4,SB,0.79,11.8,
2-Jul,12,2,3,C,7,7-4,SB,1.3175,-0.1,
2-Jul,12,2,4,C,8,8-2,SB,0.7075,8.2,
2-Jul,13,2,1,C,5,5-9,SB,0.93,-24.9,
2-Jul,13,2,2,C,6,6-4,SB,0.8575,-2.3,
2-Jul,13,2,3,C,7,7-4,SB,0.8475,-0.2,
2-Jul,13,2,4,C,8,8-2,SB,0.5875,-5.4,
2-Jul,14,2,1,C,5,5-9,SB,0.68,11.1,
2-Jul,14,2,2,C,6,6-4,SB,1.06,6.6,
2-Jul,14,2,3,C,7,7-4,SB,1.5325,-7.8,
2-Jul,14,2,4,C,8,8-2,SB,0.6825,2.9,
2-Jul,15,2,1,C,5,5-9,SB,0.78,1.7,
2-Jul,15,2,2,C,6,6-4,SB,0.895,-31.6,
2-Jul,15,2,3,C,7,7-4,SB,1.543333333,0.2,
2-Jul,15,2,4,C,8,8-2,SB,0.6575,-8.5,
2-Jul,16,2,1,C,5,5-9,SB,0.915,14.6,
2-Jul,16,2,2,C,6,6-4,SB,0.865,39.3,
2-Jul,16,2,3,C,7,7-4,SB,1.415,-0.8,
2-Jul,16,2,4,C,8,8-2,SB,0.8675,-37.8,
2-Jul,17,2,1,C,5,5-9,SB,0.8125,-0.4,
2-Jul,17,2,2,C,6,6-4,SB,0.9375,-5.6,
2-Jul,17,2,3,C,7,7-4,SB,1.2775,3.5,
2-Jul,17,2,4,C,8,8-2,SB,0.635,-1.9,
2-Jul,18,2,1,C,5,5-9,SB,0.8025,-5.6,
2-Jul,18,2,2,C,6,6-4,SB,1.495,-3.6,
2-Jul,18,3,3,C,7,7-4,SB,NA,-2.9,
2-Jul,18,2,4,C,8,8-2,SB,0.9325,-17.9,
2-Jul,19,2,1,C,5,5-9,SB,0.81,-8.4,
2-Jul,19,2,2,C,6,6-4,SB,0.875,-29.2,
2-Jul,19,2,3,C,7,7-4,SB,1.8625,-0.2,
2-Jul,19,2,4,C,8,8-2,SB,0.5975,-10.3,
2-Jul,20,2,1,C,5,5-9,SB,0.9125,4.8,
2-Jul,20,2,2,C,6,6-4,SB,0.9075,-3.2,
2-Jul,20,2,3,C,7,7-4,SB,1.6125,-1.3,
2-Jul,20,2,4,C,8,8-2,SB,0.75,1.9,
2-Jul,21,2,1,C,5,5-9,SB,0.8975,8.7,
2-Jul,21,2,2,C,6,6-4,SB,0.995,6.6,
2-Jul,21,2,3,C,7,7-4,SB,1.565,5.2,
2-Jul,21,2,4,C,8,8-2,SB,0.6975,12.1,
2-Jul,22,2,1,C,5,5-9,SB,0.895,7.8,
2-Jul,22,2,2,C,6,6-4,SB,0.895,-27.2,
2-Jul,22,2,3,C,7,7-4,SB,1.5475,-13.5,
2-Jul,22,2,4,C,8,8-2,SB,0.51,-12.7,
2-Jul,23,2,1,C,5,5-9,SB,0.6375,-81.2,
2-Jul,23,2,2,C,6,6-4,SB,0.7825,-9.8,
2-Jul,23,2,3,C,7,7-4,SB,1.5425,2.6,
2-Jul,23,2,4,C,8,8-2,SB,0.5525,-0.8,
2-Jul,24,2,1,C,5,5-9,SB,0.6075,1.6,
2-Jul,24,2,2,C,6,6-4,SB,0.8025,8.8,
2-Jul,24,2,3,C,7,7-4,SB,1.5125,0.6,
2-Jul,24,2,4,C,8,8-2,SB,0.675,NA,
2-Jul,25,2,1,C,5,5-9,SB,0.685,-0.6,
2-Jul,25,2,2,C,6,6-4,SB,0.8375,-5,
2-Jul,25,2,3,C,7,7-4,SB,1.845,-11,
2-Jul,25,2,4,C,8,8-2,SB,0.745,-22.8,
5-Jul,1,3,1,C,3,3-4,NB,0.875,-829.2,
5-Jul,1,3,2,HS,3,3-8,NB,0.605,-5,
5-Jul,1,3,3,HT,6,6-1,SB,0.955,-3.4,
5-Jul,1,3,4,HX,6,6-6,SB,0.805,-5.7,
5-Jul,2,3,1,C,3,3-4,NB,0.9375,-4.3,
5-Jul,2,3,2,HS,3,3-8,NB,21.675,0.9,
5-Jul,2,3,3,HT,6,6-1,SB,1.265,10.2,
5-Jul,2,3,4,HX,6,6-6,SB,24.475,-1,
5-Jul,3,3,1,C,3,3-4,NB,0.9625,1.1,
5-Jul,3,3,2,HS,3,3-8,NB,17.65,11.1,
5-Jul,3,3,3,HT,6,6-1,SB,1.2675,-4,
5-Jul,3,3,4,HX,6,6-6,SB,20.775,0.2,
5-Jul,4,3,1,C,3,3-4,NB,0.885,3.3,
5-Jul,4,3,2,HS,3,3-8,NB,17,4.6,
5-Jul,4,3,3,HT,6,6-1,SB,1.0525,-24.5,
5-Jul,4,3,4,HX,6,6-6,SB,22.525,5.3,
5-Jul,5,3,1,C,3,3-4,NB,0.6475,-1.6,
5-Jul,5,3,2,HS,3,3-8,NB,33.15,-7.9,
5-Jul,5,3,3,NA,NA,6-1,NA,1.0675,NA,
5-Jul,5,3,4,HX,6,6-6,SB,36.125,6,
5-Jul,6,3,1,C,3,3-4,NB,1.9625,-2,
5-Jul,6,3,2,HS,3,3-8,NB,28.675,3.1,
5-Jul,6,3,3,HT,6,6-1,SB,2.33,1.4,
5-Jul,6,3,4,HX,6,6-6,SB,35.325,-3.1,
5-Jul,7,3,1,C,3,3-4,NB,1.705,-0.4,
5-Jul,7,3,2,HS,3,3-8,NB,25.175,-38.5,
5-Jul,7,3,3,HT,6,6-1,SB,2.0675,-3.4,
5-Jul,7,3,4,HX,6,6-6,SB,27.65,-5.6,
5-Jul,8,3,1,C,3,3-4,NB,1.9775,-15.7,
5-Jul,8,3,2,HS,3,3-8,NB,21.95,30.5,
5-Jul,8,3,3,HT,6,6-1,SB,2.105,-1.5,
5-Jul,8,3,4,HX,6,6-6,SB,24.5,3.1,
5-Jul,9,3,1,C,3,3-4,NB,1.145,7.5,
5-Jul,9,3,2,HS,3,3-8,NB,21.475,-1.2,
5-Jul,9,3,3,HT,6,6-1,SB,2.1675,19.6,
5-Jul,9,3,4,HX,6,6-6,SB,22.8,-3.4,
5-Jul,10,3,1,C,3,3-4,NB,0.985,13,
5-Jul,10,3,2,HS,3,3-8,NB,37.475,36.2,
5-Jul,10,3,3,HT,6,6-1,SB,2.0375,-2.5,
5-Jul,10,3,4,HX,6,6-6,SB,27.525,-7.8,
5-Jul,11,3,1,C,3,3-4,NB,1.3375,-8.5,
5-Jul,11,3,2,HS,3,3-8,NB,32.9,-13.2,
5-Jul,11,3,3,HT,6,6-1,SB,2.025,6.7,
5-Jul,11,3,4,HX,6,6-6,SB,28.875,7.2,
5-Jul,12,3,1,C,3,3-4,NB,1.1775,-3.1,
5-Jul,12,3,2,HS,3,3-8,NB,31.325,-4.1,
5-Jul,12,3,3,HT,6,6-1,SB,2.405,-3.8,
5-Jul,12,3,4,HX,6,6-6,SB,44.7,-5.4,
5-Jul,13,3,1,C,3,3-4,NB,1.2325,-2,
5-Jul,13,3,2,HS,3,3-8,NB,32.975,-14.8,
5-Jul,13,3,3,HT,6,6-1,SB,2.18,0.4,
5-Jul,13,3,4,HX,6,6-6,SB,37.2,20.5,
5-Jul,14,3,1,C,3,3-4,NB,1.145,-8.3,
5-Jul,14,3,2,HS,3,3-8,NB,25.425,-1.1,
5-Jul,14,3,3,HT,6,6-1,SB,2.47,-5.6,
5-Jul,14,3,4,HX,6,6-6,SB,36.45,-6.7,
5-Jul,15,3,1,C,3,3-4,NB,1.0625,16.8,
5-Jul,15,3,2,HS,3,3-8,NB,24.675,6.9,
5-Jul,15,3,3,HT,6,6-1,SB,2.415,27.7,
5-Jul,15,3,4,HX,6,6-6,SB,27.83333333,15.6,
5-Jul,16,3,1,C,3,3-4,NB,1.2225,0.4,
5-Jul,16,3,2,HS,3,3-8,NB,23,-2.1,
5-Jul,16,3,3,HT,6,6-1,SB,2.4025,-10.3,
5-Jul,16,3,4,HX,6,6-6,SB,26.75,0.6,
5-Jul,17,3,1,C,3,3-4,NB,1.07,7.8,
5-Jul,17,3,2,HS,3,3-8,NB,21.625,-22.2,
5-Jul,17,3,3,HT,6,6-1,SB,2.29,-4.2,
5-Jul,17,3,4,HX,6,6-6,SB,22.95,20.3,
6-Jul,18,3,1,C,3,3-4,NB,0.8925,2.6,
6-Jul,18,3,2,HS,3,3-8,NB,30.25,-28,
6-Jul,18,3,3,HT,6,6-1,SB,2.2,-7,
6-Jul,18,3,4,HX,6,6-6,SB,25.275,-1.3,
6-Jul,19,3,1,C,3,3-4,NB,1.6275,2.9,
6-Jul,19,3,2,HS,3,3-8,NB,25.575,54.6,
6-Jul,19,3,3,HT,6,6-1,SB,2.3875,-6.2,
6-Jul,19,3,4,HX,6,6-6,SB,24,-8.5,
6-Jul,20,3,1,C,3,3-4,NB,2.075,-15.8,
6-Jul,20,3,2,HS,3,3-8,NB,22.275,-51.6,
6-Jul,20,3,3,HT,6,6-1,SB,4.1075,-20.4,
6-Jul,20,3,4,HX,6,6-6,SB,21,50.6,
6-Jul,21,3,1,C,3,3-4,NB,1.43,-0.9,
6-Jul,21,3,2,HS,3,3-8,NB,19.525,-50.9,
6-Jul,21,3,3,HT,6,6-1,SB,3.105,13.8,
6-Jul,21,3,4,HX,6,6-6,SB,29.675,-7.7,
6-Jul,22,3,1,C,3,3-4,NB,1.525,5.4,
6-Jul,22,3,2,HS,3,3-8,NB,18.525,2.2,
6-Jul,22,3,3,HT,6,6-1,SB,2.9125,-9.6,
6-Jul,22,3,4,HX,6,6-6,SB,25.6,-22.1,
6-Jul,23,3,1,C,3,3-4,NB,1.4525,11.2,
6-Jul,23,3,2,HS,3,3-8,NB,21.075,25.2,
6-Jul,23,3,3,HT,6,6-1,SB,3.74,-4.5,
6-Jul,23,3,4,HX,6,6-6,SB,27.275,-25.8,
6-Jul,24,3,1,C,3,3-4,NB,1.565,7.6,
6-Jul,24,3,2,HS,3,3-8,NB,20.525,18.3,
6-Jul,24,3,3,HT,6,6-1,SB,4.24,5.4,
6-Jul,24,3,4,HX,6,6-6,SB,27.95,8.2,
7-Jul,1,4,1,C,2,2-8,NB,1.52,20.9,
7-Jul,1,4,2,HS,2,2-9,NB,2.005,0.2,
7-Jul,1,4,3,HT,7,7-9,SB,1.46,0.6,
7-Jul,1,4,4,HX,7,7-7,SB,2.3175,4,
7-Jul,2,4,1,C,2,2-8,NB,1.36,1.3,
7-Jul,2,4,2,HS,2,2-9,NB,53.225,18.7,
7-Jul,2,4,3,HT,7,7-9,SB,1.555,-6.9,
7-Jul,2,4,4,HX,7,7-7,SB,52.275,9.7,
7-Jul,3,4,1,C,2,2-8,NB,3.4625,-0.5,
7-Jul,3,4,2,HS,2,2-9,NB,49.975,-4.9,
7-Jul,3,4,3,HT,7,7-9,SB,3.9775,-1.2,
7-Jul,3,4,4,HX,7,7-7,SB,55.775,6.8,
7-Jul,4,4,1,C,2,2-8,NB,4.175,-20.6,
7-Jul,4,4,2,HS,2,2-9,NB,52.85,-4.1,
7-Jul,4,4,3,HT,7,7-9,SB,5.0925,2.2,
7-Jul,4,4,4,HX,7,7-7,SB,56.05,1.3,
7-Jul,5,4,1,C,2,2-8,NB,3.485,19.6,
7-Jul,5,4,2,HS,2,2-9,NB,51.375,5.1,
7-Jul,5,4,3,HT,7,7-9,SB,4.3525,36.9,
7-Jul,5,4,4,HX,7,7-7,SB,55.775,5.7,
7-Jul,6,4,1,C,2,2-8,NB,2.33,0,
7-Jul,6,4,2,HS,2,2-9,NB,42.55,-35.5,
7-Jul,6,4,3,HT,7,7-9,SB,2.82,0,
7-Jul,6,4,4,HX,7,7-7,SB,44.85,-40.1,
7-Jul,7,4,1,C,2,2-8,NB,2.53,0.5,
7-Jul,7,4,2,HS,2,2-9,NB,43.6,-34.7,
7-Jul,7,4,3,HT,7,7-9,SB,2.73,-11.1,
7-Jul,7,4,4,HX,7,7-7,SB,44.125,2.1,
7-Jul,8,4,1,C,2,2-8,NB,2.5675,1.7,
7-Jul,8,4,2,HS,2,2-9,NB,36.425,6.6,
7-Jul,8,4,3,HT,7,7-9,SB,2.62,10.8,
7-Jul,8,4,4,HX,7,7-7,SB,36.175,-4.3,
7-Jul,9,4,1,C,2,2-8,NB,1.9225,6.8,
7-Jul,9,4,2,HS,2,2-9,NB,32.9,-5.4,
7-Jul,9,4,3,HT,7,7-9,SB,2.41,-3.8,
7-Jul,9,4,4,HX,7,7-7,SB,34.475,5,
7-Jul,10,4,1,C,2,2-8,NB,1.92,-3.4,
7-Jul,10,4,2,HS,2,2-9,NB,32.1,1.4,
7-Jul,10,4,3,HT,7,7-9,SB,1.475,3.1,
7-Jul,10,4,4,HX,7,7-7,SB,32.975,9.2,
7-Jul,11,4,1,C,2,2-8,NB,1.8425,-0.8,
7-Jul,11,4,2,HS,2,2-9,NB,27.6,8.8,
7-Jul,11,4,3,HT,7,7-9,SB,2.1825,3.1,
7-Jul,11,4,4,HX,7,7-7,SB,31.25,26.4,
7-Jul,12,4,1,C,2,2-8,NB,1.57,7.1,
7-Jul,12,4,2,HS,2,2-9,NB,28.175,-5.5,
7-Jul,12,4,3,HT,7,7-9,SB,1.8125,6.4,
7-Jul,12,4,4,HX,7,7-7,SB,27.075,-1.6,
7-Jul,13,4,1,C,2,2-8,NB,1.9625,11.5,
7-Jul,13,4,2,HS,2,2-9,NB,24.825,13.9,
7-Jul,13,4,3,HT,7,7-9,SB,1.8225,0.1,
7-Jul,13,4,4,HX,7,7-7,SB,24.175,0.1,
7-Jul,14,4,1,C,2,2-8,NB,2.1225,-0.2,
7-Jul,14,4,2,HS,2,2-9,NB,23.425,-34.8,
7-Jul,14,4,3,HT,7,7-9,SB,1.33,6.4,
7-Jul,14,4,4,HX,7,7-7,SB,19.575,1.9,
7-Jul,15,4,1,C,2,2-8,NB,1.52,-1.4,
7-Jul,15,4,2,HS,2,2-9,NB,18.7,-8,
7-Jul,15,4,3,HT,7,7-9,SB,1.45,-18,
7-Jul,15,4,4,HX,7,7-7,SB,17.975,-8,
7-Jul,16,4,1,C,2,2-8,NB,1.455,-1.9,
7-Jul,16,4,2,HS,2,2-9,NB,17.825,-1.7,
7-Jul,16,4,3,HT,7,7-9,SB,1.615,-15.3,
7-Jul,16,4,4,HX,7,7-7,SB,18.6,-0.1,
7-Jul,17,4,1,C,2,2-8,NB,1.39,-6.1,
7-Jul,17,4,2,HS,2,2-9,NB,14.975,-41.6,
7-Jul,17,4,3,HT,7,7-9,SB,1.5375,-3.8,
7-Jul,17,4,4,HX,7,7-7,SB,16.925,-18.9,
7-Jul,18,4,1,C,2,2-8,NB,1.22,-10.4,
7-Jul,18,4,2,HS,2,2-9,NB,13.85,29.3,
7-Jul,18,4,3,HT,7,7-9,SB,1.643333333,2.2,
7-Jul,18,4,4,HX,7,7-7,SB,15.6,0.1,
7-Jul,19,4,1,C,2,2-8,NB,0.7425,-9.3,
7-Jul,19,4,2,HS,2,2-9,NB,9.505,-35,
7-Jul,19,4,3,HT,7,7-9,SB,1.1075,9.9,
7-Jul,19,4,4,HX,7,7-7,SB,12.75,-3.5,
7-Jul,20,4,1,C,2,2-8,NB,1.08,-3.5,
7-Jul,20,4,2,HS,2,2-9,NB,9.685,-0.4,
7-Jul,20,4,3,HT,7,7-9,SB,1.0775,-20,
7-Jul,20,4,4,HX,7,7-7,SB,8.765,-28.7,
7-Jul,21,4,1,C,2,2-8,NB,0.805,-2.8,
7-Jul,21,4,2,HS,2,2-9,NB,7.7675,-3.5,
7-Jul,21,4,3,HT,7,7-9,SB,0.9975,-0.4,
7-Jul,21,4,4,HX,7,7-7,SB,9.33,-0.2,
7-Jul,22,4,1,C,2,2-8,NB,1.0575,4,
7-Jul,22,4,2,HS,2,2-9,NB,7.15,-4.2,
7-Jul,22,4,3,HT,7,7-9,SB,1.12,-7.4,
7-Jul,22,4,4,HX,7,7-7,SB,10.17,11.4,
7-Jul,23,4,1,C,2,2-8,NB,0.8825,-15.8,
7-Jul,23,4,2,HS,2,2-9,NB,6.3575,-1.7,
7-Jul,23,4,3,HT,7,7-9,SB,1.335,-9.8,
7-Jul,23,4,4,HX,7,7-7,SB,8.675,0.1,
7-Jul,24,4,1,C,2,2-8,NB,0.875,-6.4,
7-Jul,24,4,2,HS,2,2-9,NB,6.385,0.9,
7-Jul,24,4,3,HT,7,7-9,SB,1.3625,2.3,
7-Jul,24,4,4,HX,7,7-7,SB,10.13333333,-7,
12-Jul,1,5,1,C,1,1-2,NB,0.515,-6.9,
12-Jul,1,5,2,HS,1,1-1,NB,0.9725,40.7,
12-Jul,1,5,3,HT,5,5-4,SB,0.735,6.2,
12-Jul,1,5,4,HX,5,5-7,SB,1.915,64.2,
12-Jul,2,5,1,C,1,1-2,NB,0.5675,2.3,
12-Jul,2,5,2,HS,1,1-1,NB,47.275,12.1,
12-Jul,2,5,3,HT,5,5-4,SB,0.815,-1.2,
12-Jul,2,5,4,HX,5,5-7,SB,69.775,-2.3,
12-Jul,3,5,1,C,1,1-2,NB,1.29,-0.5,
12-Jul,3,5,2,HS,1,1-1,NB,42.675,4.2,
12-Jul,3,5,3,HT,5,5-4,SB,1.145,3.9,
12-Jul,3,5,4,HX,5,5-7,SB,70.425,1.2,
12-Jul,4,5,1,C,1,1-2,NB,1.1575,-9.7,
12-Jul,4,5,2,HS,1,1-1,NB,49.975,-4.6,
12-Jul,4,5,3,HT,5,5-4,SB,1.5175,-7.3,
12-Jul,4,5,4,HX,5,5-7,SB,58.6,-3,
12-Jul,5,5,1,C,1,1-2,NB,1.9,3.2,
12-Jul,5,5,2,HS,1,1-1,NB,52.7,10.7,
12-Jul,5,5,3,HT,5,5-4,SB,1.6925,-4.3,
12-Jul,5,5,4,HX,5,5-7,SB,55.475,-1.3,
12-Jul,6,5,1,C,1,1-2,NB,1.615,1.3,
12-Jul,6,5,2,HS,1,1-1,NB,53.675,-6.5,
12-Jul,6,5,3,HT,5,5-4,SB,1.1925,-4.4,
12-Jul,6,5,4,HX,5,5-7,SB,52.075,7.9,
12-Jul,7,5,1,C,1,1-2,NB,1.4625,-5.5,
12-Jul,7,5,2,HS,1,1-1,NB,40,-2.7,
12-Jul,7,5,3,HT,5,5-4,SB,1.36,6,
12-Jul,7,5,4,HX,5,5-7,SB,45.5,-0.4,
12-Jul,8,5,1,C,1,1-2,NB,1.3825,-7.1,
12-Jul,8,5,2,HS,1,1-1,NB,34.425,-19.1,
12-Jul,8,5,3,HT,5,5-4,SB,1.005,-5.7,
12-Jul,8,5,4,HX,5,5-7,SB,41.65,-17.3,
12-Jul,9,5,1,C,1,1-2,NB,0.925,-0.8,
12-Jul,9,5,2,HS,1,1-1,NB,36.475,2.9,
12-Jul,9,5,3,HT,5,5-4,SB,1.2575,3.9,
12-Jul,9,5,4,HX,5,5-7,SB,38.175,-2.4,
12-Jul,10,5,1,C,1,1-2,NB,1.31,9,
12-Jul,10,5,2,HS,1,1-1,NB,33.125,-35,
12-Jul,10,5,3,HT,5,5-4,SB,1.3275,-2.3,
12-Jul,10,5,4,HX,5,5-7,SB,34.65,-9,
12-Jul,11,5,1,C,1,1-2,NB,1.0625,52.1,
12-Jul,11,5,2,HS,1,1-1,NB,33.4,6.1,
12-Jul,11,5,3,HT,5,5-4,SB,1.005,-2.7,
12-Jul,11,5,4,HX,5,5-7,SB,38.3,13,
12-Jul,12,5,1,C,1,1-2,NB,1.1175,10.3,
12-Jul,12,5,2,HS,1,1-1,NB,26,16.9,
12-Jul,12,5,3,HT,5,5-4,SB,1,-2.9,
12-Jul,12,5,4,HX,5,5-7,SB,32.575,5.6,
12-Jul,13,5,1,C,1,1-2,NB,0.98,-4.4,
12-Jul,13,5,2,HS,1,1-1,NB,20.45,7,
12-Jul,13,5,3,HT,5,5-4,SB,0.975,-8.5,
12-Jul,13,5,4,HX,5,5-7,SB,30.15,1.3,
12-Jul,14,5,1,C,1,1-2,NB,1.0625,1.6,
12-Jul,14,5,2,HS,1,1-1,NB,18.375,-15.6,
12-Jul,14,5,3,HT,5,5-4,SB,0.9025,-12.1,
12-Jul,14,5,4,HX,5,5-7,SB,27.925,-5.1,
12-Jul,15,5,1,C,1,1-2,NB,1.1275,1.5,
12-Jul,15,5,2,HS,1,1-1,NB,14.725,0.3,
12-Jul,15,5,3,HT,5,5-4,SB,0.8525,-3.6,
12-Jul,15,5,4,HX,5,5-7,SB,28.2,-4.7,
12-Jul,16,5,1,C,1,1-2,NB,1.06,4.1,
12-Jul,16,5,2,HS,1,1-1,NB,NA,-2.2,
12-Jul,16,5,3,HT,5,5-4,SB,0.9225,-14.9,
12-Jul,16,5,4,HX,5,5-7,SB,24.65,-0.8,
12-Jul,17,5,1,C,1,1-2,NB,3.53,-9.9,
12-Jul,17,5,2,HS,1,1-1,NB,11.1,-4.6,
12-Jul,17,5,3,HT,5,5-4,SB,0.95,-1.3,
12-Jul,17,5,4,HX,5,5-7,SB,20.8,-3.4,
12-Jul,18,5,1,C,1,1-2,NB,0.8,-0.1,
12-Jul,18,5,2,HS,1,1-1,NB,9.81,4.8,
12-Jul,18,5,3,HT,5,5-4,SB,0.8875,-0.1,
12-Jul,18,5,4,HX,5,5-7,SB,19.3,1,
12-Jul,19,5,1,C,1,1-2,NB,1.045,0.7,
12-Jul,19,5,2,HS,1,1-1,NB,10.3025,21.9,
12-Jul,19,5,3,HT,5,5-4,SB,1.14,9.9,
12-Jul,19,5,4,HX,5,5-7,SB,19.075,8.3,
12-Jul,20,5,1,C,1,1-2,NB,1.32,-8.2,
12-Jul,20,5,2,HS,1,1-1,NB,9.235,-0.1,
12-Jul,20,5,3,HT,5,5-4,SB,1.515,-2.2,
12-Jul,20,5,4,HX,5,5-7,SB,18.925,-3.3,
12-Jul,21,5,1,C,1,1-2,NB,0.8875,4.8,
12-Jul,21,5,2,HS,1,1-1,NB,7.83,-3.8,
12-Jul,21,5,3,HT,5,5-4,SB,1.153333333,2.1,
12-Jul,21,5,4,HX,5,5-7,SB,18.575,2.8,
12-Jul,22,5,1,C,1,1-2,NB,0.865,2.1,
12-Jul,22,5,2,HS,1,1-1,NB,6.7075,29.7,
12-Jul,22,5,3,HT,5,5-4,SB,1.09,-10.5,
12-Jul,22,5,4,HX,5,5-7,SB,16,4.3,
12-Jul,23,5,1,C,1,1-2,NB,0.76,-8.8,
12-Jul,23,5,2,HS,1,1-1,NB,7.4975,0.4,
12-Jul,23,5,3,HT,5,5-4,SB,1.28,1.2,
12-Jul,23,5,4,HX,5,5-7,SB,13.325,-2.2,
12-Jul,24,5,1,C,1,1-2,NB,0.8075,-6.9,
12-Jul,24,5,2,HS,1,1-1,NB,7.22,-43.5,
12-Jul,24,5,3,HT,5,5-4,SB,1.3225,-7,
12-Jul,24,5,4,HX,5,5-7,SB,11.575,-4.4,
14-Jul,1,6,1,C,4,4-5,NB,0.88,-4.5,
14-Jul,1,6,2,HS,4,4-7,NB,55.25,6.8,
14-Jul,1,6,3,HT,8,8-8,SB,1,0,
14-Jul,1,6,4,HX,8,8-6,SB,67.975,2.5,
14-Jul,2,6,1,C,4,4-5,NB,3.0225,-3.3,
14-Jul,2,6,2,HS,4,4-7,NB,58.4,-13.7,
14-Jul,2,6,3,HT,8,8-8,SB,0.7325,6.6,
14-Jul,2,6,4,HX,8,8-6,SB,56.05,-2.6,
14-Jul,3,6,1,C,4,4-5,NB,1.4475,-15.5,
14-Jul,3,6,2,HS,4,4-7,NB,54.2,0.7,
14-Jul,3,6,3,HT,8,8-8,SB,0.85,-0.3,
14-Jul,3,6,4,HX,8,8-6,SB,47.725,-10.4,
14-Jul,4,6,1,C,4,4-5,NB,1.15,-7.1,
14-Jul,4,6,2,HS,4,4-7,NB,47.925,3.4,
14-Jul,4,6,3,HT,8,8-8,SB,0.8525,-0.7,
14-Jul,4,6,4,HX,8,8-6,SB,41.15,-1.3,
14-Jul,5,6,1,C,4,4-5,NB,0.91,-4.2,
14-Jul,5,6,2,HS,4,4-7,NB,44.225,1.4,
14-Jul,5,6,3,HT,8,8-8,SB,0.845,-6.8,
14-Jul,5,6,4,HX,8,8-6,SB,35.025,-19,
14-Jul,6,6,1,C,4,4-5,NB,0.8125,-10.6,
14-Jul,6,6,2,HS,4,4-7,NB,40.1,5.6,
14-Jul,6,6,3,HT,8,8-8,SB,1.16,1.9,
14-Jul,6,6,4,HX,8,8-6,SB,30.9,-2.7,
14-Jul,7,6,1,C,4,4-5,NB,0.7425,-7.4,
14-Jul,7,6,2,HS,4,4-7,NB,32.775,2.8,
14-Jul,7,6,3,HT,8,8-8,SB,0.885,-1.7,
14-Jul,7,6,4,HX,8,8-6,SB,22.2,-6,
14-Jul,8,6,1,C,4,4-5,NB,1.095,-10.8,
14-Jul,8,6,2,HS,4,4-7,NB,28.15,-11.1,
14-Jul,8,6,3,HT,8,8-8,SB,1.025,5,
14-Jul,8,6,4,HX,8,8-6,SB,16.5,-6,
14-Jul,9,6,1,C,4,4-5,NB,3.29,-10.8,
14-Jul,9,6,2,HS,4,4-7,NB,23.5,2.9,
14-Jul,9,6,3,HT,8,8-8,SB,2.26,-1.2,
14-Jul,9,6,4,HX,8,8-6,SB,13.83333333,-12.1,
14-Jul,10,6,1,C,4,4-5,NB,0.9475,-0.9,
14-Jul,10,6,2,HS,4,4-7,NB,22.15,2.7,
14-Jul,10,6,3,HT,8,8-8,SB,1.04,10.3,
14-Jul,10,6,4,HX,8,8-6,SB,12.25,6,
14-Jul,11,6,1,C,4,4-5,NB,0.9975,-3.2,
14-Jul,11,6,2,HS,4,4-7,NB,20.2,5.9,
14-Jul,11,6,3,HT,8,8-8,SB,0.86,-1.6,
14-Jul,11,6,4,HX,8,8-6,SB,12.325,-0.3,
14-Jul,12,6,1,C,4,4-5,NB,1.0425,2.6,
14-Jul,12,6,2,HS,4,4-7,NB,14.925,-1.2,
14-Jul,12,6,3,HT,8,8-8,SB,0.785,7.4,
14-Jul,12,6,4,HX,8,8-6,SB,8.6475,-5,
14-Jul,13,6,1,C,4,4-5,NB,0.6,-2.3,
14-Jul,13,6,2,HS,4,4-7,NB,8.365,-2.9,
14-Jul,13,6,3,HT,8,8-8,SB,0.56,1.4,
14-Jul,13,6,4,HX,8,8-6,SB,6.05,-2.8,
14-Jul,14,6,1,C,4,4-5,NB,0.5975,3.7,
14-Jul,14,6,2,HS,4,4-7,NB,7.295,0.1,
14-Jul,14,6,3,HT,8,8-8,SB,0.6125,-8.9,
14-Jul,14,6,4,HX,8,8-6,SB,4.3775,3.1,
14-Jul,15,6,1,C,4,4-5,NB,0.74,-4.4,
14-Jul,15,6,2,HS,4,4-7,NB,5.61,6.1,
14-Jul,15,6,3,HT,8,8-8,SB,0.68,0.3,
14-Jul,15,6,4,HX,8,8-6,SB,3.94,4.2,
15-Jul,16,6,1,C,4,4-5,NB,0.82,-2.9,
15-Jul,16,6,2,HS,4,4-7,NB,4.7975,7.3,
15-Jul,16,6,3,HT,8,8-8,SB,0.645,-2.5,
15-Jul,16,6,4,HX,8,8-6,SB,3.47,-9.6,
15-Jul,17,6,1,C,4,4-5,NB,0.53,-0.8,
15-Jul,17,6,2,HS,4,4-7,NB,4.8325,1,
15-Jul,17,6,3,HT,8,8-8,SB,0.86,3.8,
15-Jul,17,6,4,HX,8,8-6,SB,3.4375,-0.5,
15-Jul,18,6,1,C,4,4-5,NB,0.865,-4.8,
15-Jul,18,6,2,HS,4,4-7,NB,3.8875,-0.8,
15-Jul,18,6,3,HT,8,8-8,SB,0.75,0.9,
15-Jul,18,6,4,HX,8,8-6,SB,3.7975,-5.3,
15-Jul,19,6,1,C,4,4-5,NB,0.7625,-4.8,
15-Jul,19,6,2,HS,4,4-7,NB,3.775,11.1,
15-Jul,19,6,3,HT,8,8-8,SB,1.58,3,
15-Jul,19,6,4,HX,8,8-6,SB,3.665,1.1,
15-Jul,20,6,1,C,4,4-5,NB,1.0625,1.2,
15-Jul,20,6,2,HS,4,4-7,NB,3.97,-0.3,
15-Jul,20,6,3,HT,8,8-8,SB,1.1025,-12.9,
15-Jul,20,6,4,HX,8,8-6,SB,4.11,-7.5,
15-Jul,21,6,1,C,4,4-5,NB,1.22,2.3,
15-Jul,21,6,2,HS,4,4-7,NB,3.645,-5,
15-Jul,21,6,3,HT,8,8-8,SB,1.195,-0.6,
15-Jul,21,6,4,HX,8,8-6,SB,4.2125,4.3,
15-Jul,22,6,1,C,4,4-5,NB,0.9175,0.3,
15-Jul,22,6,2,HS,4,4-7,NB,4.0725,15.9,
15-Jul,22,6,3,HT,8,8-8,SB,1.07,-3.5,
15-Jul,22,6,4,HX,8,8-6,SB,4.525,-6.5,
15-Jul,23,6,1,C,4,4-5,NB,1.1875,-2.8,
15-Jul,23,6,2,HS,4,4-7,NB,4.5475,-1.8,
15-Jul,23,6,3,HT,8,8-8,SB,0.9525,1,
15-Jul,23,6,4,HX,8,8-6,SB,15.625,5.4,
15-Jul,24,6,1,C,4,4-5,NB,0.885,-1.4,
15-Jul,24,6,2,HS,4,4-7,NB,2.77,-1.8,
15-Jul,24,6,3,HT,8,8-8,SB,1.145,3.5,
15-Jul,24,6,4,HX,8,8-6,SB,7.8675,7.7,
16-Jul,1,7,1,C,6,6-8,SB,0.67,-8.6,
16-Jul,1,7,2,HS,6,6-7,SB,1.25,-11.7,
16-Jul,1,7,3,HT,3,3-7,NB,0.4225,-8.3,
16-Jul,1,7,4,HX,3,3-2,NB,0.9475,-10.4,
16-Jul,2,7,1,C,6,6-8,SB,0.585,11.9,
16-Jul,2,7,2,HS,6,6-7,SB,51.925,3.1,
16-Jul,2,7,3,HT,3,3-7,NB,0.545,4.3,
16-Jul,2,7,4,HX,3,3-2,NB,59.875,1.3,
16-Jul,3,7,1,C,6,6-8,SB,NA,-3.5,
16-Jul,3,7,2,HS,6,6-7,SB,46.325,-6.4,
16-Jul,3,7,3,HT,3,3-7,NB,0.6325,-5.1,
16-Jul,3,7,4,HX,3,3-2,NB,47.075,0.2,
16-Jul,4,7,1,C,6,6-8,SB,1.8525,-8.3,
16-Jul,4,7,2,HS,6,6-7,SB,37.75,1.9,
16-Jul,4,7,3,HT,3,3-7,NB,2.1975,-27.9,
16-Jul,4,7,4,HX,3,3-2,NB,47.2,4.1,
16-Jul,5,7,1,C,6,6-8,SB,2.0525,-58.2,
16-Jul,5,7,2,HS,6,6-7,SB,36.825,3.2,
16-Jul,5,7,3,HT,3,3-7,NB,1.765,-12.1,
16-Jul,5,7,4,HX,3,3-2,NB,39.45,-61.1,
16-Jul,6,7,1,C,6,6-8,SB,2,-0.2,
16-Jul,6,7,2,HS,6,6-7,SB,32.025,-3.5,
16-Jul,6,7,3,HT,3,3-7,NB,2.0725,-17.9,
16-Jul,6,7,4,HX,3,3-2,NB,35.325,-0.1,
16-Jul,7,7,1,C,6,6-8,SB,1.36,-4.8,
16-Jul,7,7,2,HS,6,6-7,SB,25.6,29.1,
16-Jul,7,7,3,HT,3,3-7,NB,1.78,13.7,
16-Jul,7,7,4,HX,3,3-2,NB,32.175,0.4,
16-Jul,8,7,1,C,6,6-8,SB,1.4575,-0.2,
16-Jul,8,7,2,HS,6,6-7,SB,19.825,1.6,
16-Jul,8,7,3,HT,3,3-7,NB,1.1575,-16.1,
16-Jul,8,7,4,HX,3,3-2,NB,25.15,6.4,
16-Jul,9,7,1,C,6,6-8,SB,1.6775,-2.1,
16-Jul,9,7,2,HS,6,6-7,SB,17.2,-37.2,
16-Jul,9,7,3,HT,3,3-7,NB,1.5725,-12.1,
16-Jul,9,7,4,HX,3,3-2,NB,20.625,-19.8,
16-Jul,10,7,1,C,6,6-8,SB,0.96,-28.7,
16-Jul,10,7,2,HS,6,6-7,SB,15.325,16.2,
16-Jul,10,7,3,HT,3,3-7,NB,1.315,14,
16-Jul,10,7,4,HX,3,3-2,NB,18.9,-0.3,
16-Jul,11,7,1,C,6,6-8,SB,1.54,-10.5,
16-Jul,11,7,2,HS,6,6-7,SB,19.65,-4.2,
16-Jul,11,7,3,HT,3,3-7,NB,1.02,2.6,
16-Jul,11,7,4,HX,3,3-2,NB,25.7,-14.4,
16-Jul,12,7,1,C,6,6-8,SB,1.55,178.9,
16-Jul,12,7,2,HS,6,6-7,SB,15.35,-1.3,
16-Jul,12,7,3,HT,3,3-7,NB,1.4375,63.1,
16-Jul,12,7,4,HX,3,3-2,NB,21.1,-11.3,
16-Jul,13,7,1,C,6,6-8,SB,1.055,-0.6,
16-Jul,13,7,2,HS,6,6-7,SB,11,0.9,
16-Jul,13,7,3,HT,3,3-7,NB,0.9325,-8.4,
16-Jul,13,7,4,HX,3,3-2,NB,12.625,3.5,
16-Jul,14,7,1,C,6,6-8,SB,1.245,-2.3,
16-Jul,14,7,2,HS,6,6-7,SB,14.775,-7.5,
16-Jul,14,7,3,HT,3,3-7,NB,0.84,-3.1,
16-Jul,14,7,4,HX,3,3-2,NB,12,0.1,
16-Jul,15,7,1,C,6,6-8,SB,1.3775,-14,
16-Jul,15,7,2,HS,6,6-7,SB,12.475,15.5,
16-Jul,15,7,3,HT,3,3-7,NB,1.025,3.6,
16-Jul,15,7,4,HX,3,3-2,NB,6.855,-25.3,
16-Jul,16,7,1,C,6,6-8,SB,1.2225,7.2,
16-Jul,16,7,2,HS,6,6-7,SB,12.3,-14.4,
16-Jul,16,7,3,HT,3,3-7,NB,1.0775,-7.7,
16-Jul,16,7,4,HX,3,3-2,NB,6.035,7.6,
16-Jul,17,7,1,C,6,6-8,SB,1.6525,3.9,
16-Jul,17,7,2,HS,6,6-7,SB,9.9575,8,
16-Jul,17,7,3,HT,3,3-7,NB,0.6875,-61.3,
16-Jul,17,7,4,HX,3,3-2,NB,6.5675,-4.1,
16-Jul,18,7,1,C,6,6-8,SB,1.2625,42.3,
16-Jul,18,7,2,HS,6,6-7,SB,8.91,-2.7,
16-Jul,18,7,3,HT,3,3-7,NB,0.89,0.7,
16-Jul,18,7,4,HX,3,3-2,NB,5.0775,3.6,
16-Jul,19,7,1,C,6,6-8,SB,1.2125,-15.8,
16-Jul,19,7,2,HS,6,6-7,SB,9.11,-8,
16-Jul,19,7,3,HT,3,3-7,NB,1.11,-5.9,
16-Jul,19,7,4,HX,3,3-2,NB,5.0325,-24.8,
16-Jul,20,7,1,C,6,6-8,SB,1.3175,3,
16-Jul,20,7,2,HS,6,6-7,SB,9.125,-0.1,
16-Jul,20,7,3,HT,3,3-7,NB,0.7225,-3.8,
16-Jul,20,7,4,HX,3,3-2,NB,4.2725,7,
16-Jul,21,7,1,C,6,6-8,SB,1.205,11.5,
16-Jul,21,7,2,HS,6,6-7,SB,8.615,-3.3,
16-Jul,21,7,3,HT,3,3-7,NB,0.885,-2.2,
16-Jul,21,7,4,HX,3,3-2,NB,3.975,3,
16-Jul,22,7,1,C,6,6-8,SB,1.165,-1.7,
16-Jul,22,7,2,HS,6,6-7,SB,8.1075,-7.1,
16-Jul,22,7,3,HT,3,3-7,NB,1.0825,4.8,
16-Jul,22,7,4,HX,3,3-2,NB,7.8,-4.5,
16-Jul,23,7,1,C,6,6-8,SB,1.3075,-9.6,
16-Jul,23,7,2,HS,6,6-7,SB,7.315,1.5,
16-Jul,23,7,3,HT,3,3-7,NB,0.9025,-9.6,
16-Jul,23,7,4,HX,3,3-2,NB,6.5875,-7.9,
16-Jul,24,7,1,C,6,6-8,SB,1.585,0.1,
16-Jul,24,7,2,HS,6,6-7,SB,7.7975,-7.8,
16-Jul,24,7,3,HT,3,3-7,NB,1.165,-4.2,
16-Jul,24,7,4,HX,3,3-2,NB,6.09,-2.1,
19-Jul,1,8,1,C,8,8-7,SB,0.745,-17.8,
19-Jul,1,8,2,HS,8,8-3,SB,2.8075,13.7,
19-Jul,1,8,3,HT,4,4-1,NB,1.8475,2.6,
19-Jul,1,8,4,HX,4,4-3,NB,1.645,-3.4,
19-Jul,2,8,1,C,8,8-7,SB,0.8225,10.8,
19-Jul,2,8,2,HS,8,8-3,SB,54.925,6.5,
19-Jul,2,8,3,HT,4,4-1,NB,2.4025,5,
19-Jul,2,8,4,HX,4,4-3,NB,51.6,4.1,
19-Jul,3,8,1,C,8,8-7,SB,1.995,-0.8,
19-Jul,3,8,2,HS,8,8-3,SB,57.825,21.9,
19-Jul,3,8,3,HT,4,4-1,NB,2.1075,-2.1,
19-Jul,3,8,4,HX,4,4-3,NB,45.13333333,-47.5,
19-Jul,4,8,1,C,8,8-7,SB,1.2675,0.3,
19-Jul,4,8,2,HS,8,8-3,SB,53.525,1,
19-Jul,4,8,3,HT,4,4-1,NB,1.6275,-4.6,
19-Jul,4,8,4,HX,4,4-3,NB,34.575,3,
19-Jul,5,8,1,C,8,8-7,SB,1.09,-16.7,
19-Jul,5,8,2,HS,8,8-3,SB,43.675,-35.4,
19-Jul,5,8,3,HT,4,4-1,NB,1.62,-5.6,
19-Jul,5,8,4,HX,4,4-3,NB,29.075,-9.6,
19-Jul,6,8,1,C,8,8-7,SB,1.605,3.6,
19-Jul,6,8,2,HS,8,8-3,SB,40.85,3.8,
19-Jul,6,8,3,HT,4,4-1,NB,1.426666667,3.1,
19-Jul,6,8,4,HX,4,4-3,NB,25.875,-13.6,
19-Jul,7,8,1,C,8,8-7,SB,1.5025,-4.1,
19-Jul,7,8,2,HS,8,8-3,SB,33.1,161.3,
19-Jul,7,8,3,HT,4,4-1,NB,1.285,4.1,
19-Jul,7,8,4,HX,4,4-3,NB,25.475,51.5,
19-Jul,8,8,1,C,8,8-7,SB,1.2475,6.3,
19-Jul,8,8,2,HS,8,8-3,SB,33.4,14.4,
19-Jul,8,8,3,HT,4,4-1,NB,1.2725,3.3,
19-Jul,8,8,4,HX,4,4-3,NB,24.75,5.5,
19-Jul,9,8,1,C,8,8-7,SB,3.455,-5.3,
19-Jul,9,8,2,HS,8,8-3,SB,26.775,-11.5,
19-Jul,9,8,3,HT,4,4-1,NB,1.3375,-4.6,
19-Jul,9,8,4,HX,4,4-3,NB,19.675,48.2,
19-Jul,10,8,1,C,8,8-7,SB,1.015,-9.7,
19-Jul,10,8,2,HS,8,8-3,SB,23.025,-31.7,
19-Jul,10,8,3,HT,4,4-1,NB,1.2775,0.6,
19-Jul,10,8,4,HX,4,4-3,NB,16.675,2.9,
19-Jul,11,8,1,C,8,8-7,SB,1.1425,1.2,
19-Jul,11,8,2,HS,8,8-3,SB,19.1,-1.2,
19-Jul,11,8,3,HT,4,4-1,NB,1.0175,1.8,
19-Jul,11,8,4,HX,4,4-3,NB,12.75,-4.7,
19-Jul,12,8,1,C,8,8-7,SB,0.94,-6.9,
19-Jul,12,8,2,HS,8,8-3,SB,18.55,1.7,
19-Jul,12,8,3,HT,4,4-1,NB,1.005,1.3,
19-Jul,12,8,4,HX,4,4-3,NB,18.625,2.8,
19-Jul,13,8,1,C,8,8-7,SB,1.25,-8,
19-Jul,13,8,2,HS,8,8-3,SB,17.475,-3.8,
19-Jul,13,8,3,HT,4,4-1,NB,1.03,-0.3,
19-Jul,13,8,4,HX,4,4-3,NB,18.5,0.4,
19-Jul,14,8,1,C,8,8-7,SB,1.2025,-21.1,
19-Jul,14,8,2,HS,8,8-3,SB,15.825,-1.3,
19-Jul,14,8,3,HT,4,4-1,NB,1.5175,-7.6,
19-Jul,14,8,4,HX,4,4-3,NB,16.15,-7,
19-Jul,15,8,1,C,8,8-7,SB,0.6525,-0.6,
19-Jul,15,8,2,HS,8,8-3,SB,12.975,-1.6,
19-Jul,15,8,3,HT,4,4-1,NB,1.3325,0,
19-Jul,15,8,4,HX,4,4-3,NB,10.9775,2.4,
19-Jul,16,8,1,C,8,8-7,SB,1.125,0.6,
19-Jul,16,8,2,HS,8,8-3,SB,11.25,4,
19-Jul,16,8,3,HT,4,4-1,NB,0.9975,-9,
19-Jul,16,8,4,HX,4,4-3,NB,9.01,-1.9,
19-Jul,17,8,1,C,8,8-7,SB,0.8,2.5,
19-Jul,17,8,2,HS,8,8-3,SB,10.8025,4.7,
19-Jul,17,8,3,HT,4,4-1,NB,0.9,3.5,
19-Jul,17,8,4,HX,4,4-3,NB,7.7025,-0.6,
19-Jul,18,8,1,C,8,8-7,SB,0.99,0.3,
19-Jul,18,8,2,HS,8,8-3,SB,10.0875,-4.3,
19-Jul,18,8,3,HT,4,4-1,NB,1.2475,-4,
19-Jul,18,8,4,HX,4,4-3,NB,6.5225,7.8,
19-Jul,19,8,1,C,8,8-7,SB,1.315,-15.1,
19-Jul,19,8,2,HS,8,8-3,SB,10.38,-1.6,
19-Jul,19,8,3,HT,4,4-1,NB,1.49,6,
19-Jul,19,8,4,HX,4,4-3,NB,6.1125,-6.1,
19-Jul,20,8,1,C,8,8-7,SB,0.9525,-1.9,
19-Jul,20,8,2,HS,8,8-3,SB,8.1975,7.8,
19-Jul,20,8,3,HT,4,4-1,NB,1.2225,-4.5,
19-Jul,20,8,4,HX,4,4-3,NB,5.6775,-39.6,
19-Jul,21,8,1,C,8,8-7,SB,0.9725,4,
19-Jul,21,8,2,HS,8,8-3,SB,7.0375,-1.2,
19-Jul,21,8,3,HT,4,4-1,NB,1.1975,-4,
19-Jul,21,8,4,HX,4,4-3,NB,4.485,-9.9,
19-Jul,22,8,1,C,8,8-7,SB,1.39,-2.2,
19-Jul,22,8,2,HS,8,8-3,SB,7.395,-24.8,
19-Jul,22,8,3,HT,4,4-1,NB,1.325,5.2,
19-Jul,22,8,4,HX,4,4-3,NB,4.03,-17.9,
19-Jul,23,8,1,C,8,8-7,SB,1.555,-7.6,
19-Jul,23,8,2,HS,8,8-3,SB,8.5075,21.2,
19-Jul,23,8,3,HT,4,4-1,NB,1.2375,-3.5,
19-Jul,23,8,4,HX,4,4-3,NB,4.82,40.2,
19-Jul,24,8,1,C,8,8-7,SB,1.6925,2.8,
19-Jul,24,8,2,HS,8,8-3,SB,7.4175,0.2,
19-Jul,24,8,3,HT,4,4-1,NB,1.2975,-7,
19-Jul,24,8,4,HX,4,4-3,NB,4.5275,17.7,
21-Jul,1,9,1,C,4,4-6,NB,0.85125,-7.8,
21-Jul,1,9,2,HS,4,4-2,NB,1.64625,-7.1,
21-Jul,1,9,3,HT,8,8-5,SB,0.43375,0.1,
21-Jul,1,9,4,HX,8,8-4,SB,1.0175,-10.4,
21-Jul,2,9,1,C,4,4-6,NB,0.8,0.6,
21-Jul,2,9,2,HS,4,4-2,NB,59.5,-4.7,
21-Jul,2,9,3,HT,8,8-5,SB,2.7475,-5.6,
21-Jul,2,9,4,HX,8,8-4,SB,46.1125,4,
21-Jul,3,9,1,C,4,4-6,NB,0.90125,3.4,
21-Jul,3,9,2,HS,4,4-2,NB,54.7875,-0.4,
21-Jul,3,9,3,HT,8,8-5,SB,0.7825,5.4,
21-Jul,3,9,4,HX,8,8-4,SB,52.05,3.2,
21-Jul,4,9,1,C,4,4-6,NB,3.25,3.1,
21-Jul,4,9,2,HS,4,4-2,NB,57.475,2.6,
21-Jul,4,9,3,HT,8,8-5,SB,0.5975,1.6,
21-Jul,4,9,4,HX,8,8-4,SB,43.675,-0.7,
21-Jul,5,9,1,C,4,4-6,NB,1.25125,-3.5,
21-Jul,5,9,2,HS,4,4-2,NB,49.0875,1.1,
21-Jul,5,9,3,HT,8,8-5,SB,2.02625,12.8,
21-Jul,5,9,4,HX,8,8-4,SB,34.2875,-3.3,
21-Jul,6,9,1,C,4,4-6,NB,1.21375,-1.6,
21-Jul,6,9,2,HS,4,4-2,NB,40.35,-9.8,
21-Jul,6,9,3,HT,8,8-5,SB,1.1075,-10.5,
21-Jul,6,9,4,HX,8,8-4,SB,29.4125,-4.3,
21-Jul,7,9,1,C,4,4-6,NB,1.04,-2,
21-Jul,7,9,2,HS,4,4-2,NB,34.9875,5.2,
21-Jul,7,9,3,HT,8,8-5,SB,0.93875,-1.4,
21-Jul,7,9,4,HX,8,8-4,SB,24.1875,1.7,
21-Jul,8,9,1,C,4,4-6,NB,1.24875,-2.3,
21-Jul,8,9,2,HS,4,4-2,NB,47.5875,29.2,
21-Jul,8,9,3,HT,8,8-5,SB,0.81375,-10.7,
21-Jul,8,9,4,HX,8,8-4,SB,25.3875,4.2,
21-Jul,9,9,1,C,4,4-6,NB,1.07125,-9.7,
21-Jul,9,9,2,HS,4,4-2,NB,31.175,-4.1,
21-Jul,9,9,3,HT,8,8-5,SB,0.8625,-3.9,
21-Jul,9,9,4,HX,8,8-4,SB,19.8125,4,
21-Jul,10,9,1,C,4,4-6,NB,1.0925,-3.6,
21-Jul,10,9,2,HS,4,4-2,NB,26.275,-0.4,
21-Jul,10,9,3,HT,8,8-5,SB,1.115,10.1,
21-Jul,10,9,4,HX,8,8-4,SB,14.9,-10.1,
21-Jul,11,9,1,C,4,4-6,NB,1.29625,-3.6,
21-Jul,11,9,2,HS,4,4-2,NB,26.4,3.1,
21-Jul,11,9,3,HT,8,8-5,SB,0.96,4.5,
21-Jul,11,9,4,HX,8,8-4,SB,18.6,6.8,
21-Jul,12,9,1,C,4,4-6,NB,1.095,0.8,
21-Jul,12,9,2,HS,4,4-2,NB,25,-4.9,
21-Jul,12,9,3,HT,8,8-5,SB,0.72875,-1.9,
21-Jul,12,9,4,HX,8,8-4,SB,16.475,2.9,
22-Jul,13,9,1,C,4,4-6,NB,0.92625,4.7,
22-Jul,13,9,2,HS,4,4-2,NB,19.35,-1.8,
22-Jul,13,9,3,HT,8,8-5,SB,1.07625,-19.5,
22-Jul,13,9,4,HX,8,8-4,SB,8.914166667,2,
22-Jul,14,9,1,C,4,4-6,NB,10.2325,-3.1,
22-Jul,14,9,2,HS,4,4-2,NB,9.65,-1.2,
22-Jul,14,9,3,HT,8,8-5,SB,1.0325,2.5,
22-Jul,14,9,4,HX,8,8-4,SB,9.10375,-1.8,
22-Jul,15,9,1,C,4,4-6,NB,1.26625,-4.6,
22-Jul,15,9,2,HS,4,4-2,NB,15.125,-2.6,
22-Jul,15,9,3,HT,8,8-5,SB,0.735,7.8,
22-Jul,15,9,4,HX,8,8-4,SB,7.43125,0.5,
22-Jul,16,9,1,C,4,4-6,NB,1.18875,-1.9,
22-Jul,16,9,2,HS,4,4-2,NB,11.9625,5.5,
22-Jul,16,9,3,HT,8,8-5,SB,0.8875,-3.8,
22-Jul,16,9,4,HX,8,8-4,SB,5.575,-4.8,
22-Jul,17,9,1,C,4,4-6,NB,1.18875,1.9,
22-Jul,17,9,2,HS,4,4-2,NB,10.8125,-6,
22-Jul,17,9,3,HT,8,8-5,SB,0.995,3.4,
22-Jul,17,9,4,HX,8,8-4,SB,4.5525,10.2,
22-Jul,18,9,1,C,4,4-6,NB,1.12125,-1.6,
22-Jul,18,9,2,HS,4,4-2,NB,10.275,0.3,
22-Jul,18,9,3,HT,8,8-5,SB,0.61875,-1.8,
22-Jul,18,9,4,HX,8,8-4,SB,4.46625,-1.6,
22-Jul,19,9,1,C,4,4-6,NB,1.91125,0.3,
22-Jul,19,9,2,HS,4,4-2,NB,8.28375,-4.7,
22-Jul,19,9,3,HT,8,8-5,SB,0.665,-20.7,
22-Jul,19,9,4,HX,8,8-4,SB,3.88125,-0.8,
22-Jul,20,9,1,C,4,4-6,NB,1.005,-6.2,
22-Jul,20,9,2,HS,4,4-2,NB,9.02125,-7.4,
22-Jul,20,9,3,HT,8,8-5,SB,0.765,-11.3,
22-Jul,20,9,4,HX,8,8-4,SB,4.04,-1,
22-Jul,21,9,1,C,4,4-6,NB,0.92625,-0.3,
22-Jul,21,9,2,HS,4,4-2,NB,9.005,-2.2,
22-Jul,21,9,3,HT,8,8-5,SB,0.79375,-0.7,
22-Jul,21,9,4,HX,8,8-4,SB,4.515,-3.7,
22-Jul,22,9,1,C,4,4-6,NB,1.04125,-4.8,
22-Jul,22,9,2,HS,4,4-2,NB,6.58125,-26,
22-Jul,22,9,3,HT,8,8-5,SB,0.885,6.4,
22-Jul,22,9,4,HX,8,8-4,SB,4.76375,0.5,
22-Jul,22,9,1,C,4,4-6,NB,1.23,0.2,
22-Jul,23,9,2,HS,4,4-2,NB,13.7875,-22.5,
22-Jul,23,9,3,HT,8,8-5,SB,0.66125,17.9,
22-Jul,23,9,4,HX,8,8-4,SB,3.2425,-2.3,
22-Jul,24,9,1,C,4,4-6,NB,1.04625,2.8,
22-Jul,24,9,2,HS,4,4-2,NB,43.9,15.3,
22-Jul,24,9,3,HT,8,8-5,SB,0.815,18.4,
22-Jul,24,9,4,HX,8,8-4,SB,3.14125,NA,
23-Jul,1,10,1,C,3,3-9,NB,1.1875,-14.1,
23-Jul,1,10,2,HS,3,3-6,NB,2.9825,-27.1,
23-Jul,1,10,3,HT,6,6-3,SB,0.8675,-15.1,
23-Jul,1,10,4,HX,6,6-5,SB,1.7525,22.6,
23-Jul,2,10,1,C,3,3-9,NB,0.89625,3.4,
23-Jul,2,10,2,HS,3,3-6,NB,59.9625,-7.5,
23-Jul,2,10,3,HT,6,6-3,SB,3.16625,13,
23-Jul,2,10,4,HX,6,6-5,SB,62.775,2.3,
23-Jul,3,10,1,C,3,3-9,NB,0.9325,-29.4,
23-Jul,3,10,2,HS,3,3-6,NB,63.05,-1.5,
23-Jul,3,10,3,HT,6,6-3,SB,1.2025,7,
23-Jul,3,10,4,HX,6,6-5,SB,73.65,3.9,
23-Jul,4,10,1,C,3,3-9,NB,1.9675,20.9,
23-Jul,4,10,2,HS,3,3-6,NB,62.8875,16.4,
23-Jul,4,10,3,HT,6,6-3,SB,2.92625,80.9,
23-Jul,4,10,4,HX,6,6-5,SB,69.8875,-59.8,
23-Jul,5,10,1,C,3,3-9,NB,1.88125,-89.1,
23-Jul,5,10,2,HS,3,3-6,NB,65.0625,0.6,
23-Jul,5,10,3,HT,6,6-3,SB,1.1225,3.1,
23-Jul,5,10,4,HX,6,6-5,SB,65.6875,-104.4,
23-Jul,6,10,1,C,3,3-9,NB,1.89,-7.4,
23-Jul,6,10,2,HS,3,3-6,NB,60.4875,-22.5,
23-Jul,6,10,3,HT,6,6-3,SB,1.555,-6.3,
23-Jul,6,10,4,HX,6,6-5,SB,57.275,4.7,
23-Jul,7,10,1,C,3,3-9,NB,1.925,-2,
23-Jul,7,10,2,HS,3,3-6,NB,57.575,-2.9,
23-Jul,7,10,3,HT,6,6-3,SB,1.58625,-2.9,
23-Jul,7,10,4,HX,6,6-5,SB,51.4375,29.4,
23-Jul,8,10,1,C,3,3-9,NB,1.50125,4,
23-Jul,8,10,2,HS,3,3-6,NB,57.4,-9.3,
23-Jul,8,10,3,HT,6,6-3,SB,0.995,-803.8,
23-Jul,8,10,4,HX,6,6-5,SB,43.625,-29,
23-Jul,9,10,1,C,3,3-9,NB,1.12375,-4.6,
23-Jul,9,10,2,HS,3,3-6,NB,56.9125,2.2,
23-Jul,9,10,3,HT,6,6-3,SB,1.3425,-5.3,
23-Jul,9,10,4,HX,6,6-5,SB,41.075,0.8,
23-Jul,10,10,1,C,3,3-9,NB,1.3275,4.1,
23-Jul,10,10,2,HS,3,3-6,NB,49.0125,5.4,
23-Jul,10,10,3,HT,6,6-3,SB,1.2625,15.9,
23-Jul,10,10,4,HX,6,6-5,SB,35.375,1.8,
23-Jul,11,10,1,C,3,3-9,NB,2.00625,2.1,
23-Jul,11,10,2,HS,3,3-6,NB,44.575,4.6,
23-Jul,11,10,3,HT,6,6-3,SB,1.658333333,8.4,
23-Jul,11,10,4,HX,6,6-5,SB,31.6875,1.6,
23-Jul,12,10,1,C,3,3-9,NB,2.07,-0.2,
23-Jul,12,10,2,HS,3,3-6,NB,40.225,3.5,
23-Jul,12,10,3,HT,6,6-3,SB,1.73,-8,
23-Jul,12,10,4,HX,6,6-5,SB,29.1875,-0.9,
23-Jul,13,10,1,C,3,3-9,NB,1.67,0.5,
23-Jul,13,10,2,HS,3,3-6,NB,36.275,5.9,
23-Jul,13,10,3,HT,6,6-3,SB,1.535,-3.6,
23-Jul,13,10,4,HX,6,6-5,SB,32.35,2.3,
23-Jul,14,10,1,C,3,3-9,NB,1.25125,-8.8,
23-Jul,14,10,2,HS,3,3-6,NB,22.55,-4.9,
23-Jul,14,10,3,HT,6,6-3,SB,1.54375,2.9,
23-Jul,14,10,4,HX,6,6-5,SB,19.425,-16.4,
23-Jul,15,10,1,C,3,3-9,NB,1.3225,-2.5,
23-Jul,15,10,2,HS,3,3-6,NB,16.4,1.9,
23-Jul,15,10,3,HT,6,6-3,SB,1.30125,-0.6,
24-Jul,15,10,4,HX,6,6-5,SB,23.0875,-2.7,
24-Jul,16,10,1,C,3,3-9,NB,1.375,-3.9,
24-Jul,16,10,2,HS,3,3-6,NB,15.7375,-8.4,
24-Jul,16,10,3,HT,6,6-3,SB,1.4025,-6.5,
24-Jul,16,10,4,HX,6,6-5,SB,21.55,11.6,
24-Jul,17,10,1,C,3,3-9,NB,1.445,-8.6,
24-Jul,17,10,2,HS,3,3-6,NB,14.7,-23.2,
24-Jul,17,10,3,HT,6,6-3,SB,1.3675,2,
24-Jul,17,10,4,HX,6,6-5,SB,19.7875,-40.6,
24-Jul,18,10,1,C,3,3-9,NB,1.04125,-3.4,
24-Jul,18,10,2,HS,3,3-6,NB,14.6875,-38.9,
24-Jul,18,10,3,HT,6,6-3,SB,1.0525,-0.9,
24-Jul,18,10,4,HX,6,6-5,SB,17.2125,-1.1,
24-Jul,19,10,1,C,3,3-9,NB,1.05875,-3.5,
24-Jul,19,10,2,HS,3,3-6,NB,16.95,-9.9,
24-Jul,19,10,3,HT,6,6-3,SB,1.1285,-1.7,
24-Jul,19,10,4,HX,6,6-5,SB,23.625,-16.2,
24-Jul,20,10,1,C,3,3-9,NB,1.3675,4.5,
24-Jul,20,10,2,HS,3,3-6,NB,14.0625,-5.9,
24-Jul,20,10,3,HT,6,6-3,SB,0.93125,3.2,
24-Jul,20,10,4,HX,6,6-5,SB,16.1,-19.5,
24-Jul,21,10,1,C,3,3-9,NB,1.06625,-2,
24-Jul,21,10,2,HS,3,3-6,NB,12.8,-6.2,
24-Jul,21,10,3,HT,6,6-3,SB,0.90625,-13.3,
24-Jul,21,10,4,HX,6,6-5,SB,15.45,-34.5,
24-Jul,22,10,1,C,3,3-9,NB,1.275,-7.2,
24-Jul,22,10,2,HS,3,3-6,NB,10.29875,-10.6,
24-Jul,22,10,3,HT,6,6-3,SB,1.30875,67.7,
24-Jul,22,10,4,HX,6,6-5,SB,13.375,-1.3,
24-Jul,23,10,1,C,3,3-9,NB,1.24125,-2.4,
24-Jul,23,10,2,HS,3,3-6,NB,9.9425,2.3,
24-Jul,23,10,3,HT,6,6-3,SB,0.97375,-15.3,
24-Jul,23,10,4,HX,6,6-5,SB,10.25,-30,
24-Jul,24,10,1,C,3,3-9,NB,1.015,-4.7,
24-Jul,24,10,2,HS,3,3-6,NB,8.74875,2,
24-Jul,24,10,3,HT,6,6-3,SB,1.0225,-0.7,
24-Jul,24,10,4,HX,6,6-5,SB,8.765,2,
26-Jul,1,11,1,C,7,7-5,SB,1.5,-17.5,
26-Jul,1,11,2,HS,7,7-8,SB,3.0525,-36,
26-Jul,1,11,3,HT,2,2-2,NB,1.42375,-35.4,
26-Jul,1,11,4,HX,2,2-3,NB,2.225,-6.6,
26-Jul,2,11,1,C,7,7-5,SB,1.6,-0.6,
26-Jul,2,11,2,HS,7,7-8,SB,49.1,-0.1,
26-Jul,2,11,3,HT,2,2-2,NB,1.7775,-3.6,
26-Jul,2,11,4,HX,2,2-3,NB,55.02,1.6,
26-Jul,3,11,1,C,7,7-5,SB,1.03125,-7.5,
26-Jul,3,11,2,HS,7,7-8,SB,76.775,15.6,
26-Jul,3,11,3,HT,2,2-2,NB,1.25875,-29.4,
26-Jul,3,11,4,HX,2,2-3,NB,78.225,25.7,
26-Jul,4,11,1,C,7,7-5,SB,1.8275,-10.7,
26-Jul,4,11,2,HS,7,7-8,SB,86.925,-7.1,
26-Jul,4,11,3,HT,2,2-2,NB,2.06625,-1,
26-Jul,4,11,4,HX,2,2-3,NB,63.9375,12.9,
26-Jul,5,11,1,C,7,7-5,SB,1.615,-1.5,
26-Jul,5,11,2,HS,7,7-8,SB,41.3375,19.4,
26-Jul,5,11,3,HT,2,2-2,NB,1.4375,14.9,
26-Jul,5,11,4,HX,2,2-3,NB,47.8125,-2.7,
26-Jul,6,11,1,C,7,7-5,SB,1.05875,-0.3,
26-Jul,6,11,2,HS,7,7-8,SB,82.375,-14.1,
26-Jul,6,11,3,HT,2,2-2,NB,1.7,-0.8,
26-Jul,6,11,4,HX,2,2-3,NB,40.75,-22.3,
26-Jul,7,11,1,C,7,7-5,SB,2.52875,-0.9,
26-Jul,7,11,2,HS,7,7-8,SB,82.7375,-1.4,
26-Jul,7,11,3,HT,2,2-2,NB,1.675,-1,
26-Jul,7,11,4,HX,2,2-3,NB,36.85714286,0.9,
26-Jul,8,11,1,C,7,7-5,SB,1.57625,-5.2,
26-Jul,8,11,2,HS,7,7-8,SB,64.575,20,
26-Jul,8,11,3,HT,2,2-2,NB,1.37875,1.8,
26-Jul,8,11,4,HX,2,2-3,NB,24.8875,-1.1,
26-Jul,9,11,1,C,7,7-5,SB,1.9225,0.3,
26-Jul,9,11,2,HS,7,7-8,SB,57.3,-3.2,
26-Jul,9,11,3,HT,2,2-2,NB,2.5275,-5.6,
26-Jul,9,11,4,HX,2,2-3,NB,30.86666667,-31.5,
26-Jul,10,11,1,C,7,7-5,SB,0.98875,3.1,
26-Jul,10,11,2,HS,7,7-8,SB,63.475,22,
26-Jul,10,11,3,HT,2,2-2,NB,1.2225,0.1,
26-Jul,10,11,4,HX,2,2-3,NB,20.525,-35.7,
26-Jul,11,11,1,C,7,7-5,SB,1.98,1.5,
26-Jul,11,11,2,HS,7,7-8,SB,41.7875,4,
26-Jul,11,11,3,HT,2,2-2,NB,2.0825,-2.1,
26-Jul,11,11,4,HX,2,2-3,NB,11.18125,-2.4,
26-Jul,12,11,1,C,7,7-5,SB,2.4575,-3.3,
26-Jul,12,11,2,HS,7,7-8,SB,45.05,-9,
26-Jul,12,11,3,HT,2,2-2,NB,1.64625,-4.4,
26-Jul,12,11,4,HX,2,2-3,NB,14.45,53.4,
26-Jul,13,11,1,C,7,7-5,SB,1.425,0.5,
26-Jul,13,11,2,HS,7,7-8,SB,33.125,12.2,
26-Jul,13,11,3,HT,2,2-2,NB,2.025,-78.3,
26-Jul,13,11,4,HX,2,2-3,NB,10.6125,-2.2,
26-Jul,14,11,1,C,7,7-5,SB,1.2675,-1.1,
26-Jul,14,11,2,HS,7,7-8,SB,35.9875,0.9,
26-Jul,14,11,3,HT,2,2-2,NB,1.05375,-6.5,
26-Jul,14,11,4,HX,2,2-3,NB,9.9575,3.4,
26-Jul,15,11,1,C,7,7-5,SB,1.74625,-6.4,
26-Jul,15,11,2,HS,7,7-8,SB,27.4125,NA,
26-Jul,15,11,3,HT,2,2-2,NB,1.57125,-3.1,
26-Jul,15,11,4,HX,2,2-3,NB,5.39125,-4.7,
26-Jul,16,11,1,C,7,7-5,SB,1.93375,-10.5,
26-Jul,16,11,2,HS,7,7-8,SB,31.3375,-3.4,
26-Jul,16,11,3,HT,2,2-2,NB,1.38125,-8,
26-Jul,16,11,4,HX,2,2-3,NB,6.308333333,41.7,
26-Jul,17,11,1,C,7,7-5,SB,1.8675,-0.6,
26-Jul,17,11,2,HS,7,7-8,SB,17.525,-7.6,
26-Jul,17,11,3,HT,2,2-2,NB,1.45,-7.8,
26-Jul,17,11,4,HX,2,2-3,NB,NA,-12.1,
26-Jul,18,11,1,C,7,7-5,SB,1.66,19.4,
26-Jul,18,11,2,HS,7,7-8,SB,15.4875,-5,
26-Jul,18,11,3,HT,2,2-2,NB,2.47875,-7.1,
26-Jul,18,11,4,HX,2,2-3,NB,4.07,-0.4,
26-Jul,19,11,1,C,7,7-5,SB,1.206666667,-6.1,
26-Jul,19,11,2,HS,7,7-8,SB,15.5375,-8.5,
26-Jul,19,11,3,HT,2,2-2,NB,1.5875,13.2,
26-Jul,19,11,4,HX,2,2-3,NB,2.83375,0.1,
26-Jul,20,11,1,C,7,7-5,SB,1.13875,-1.6,
26-Jul,20,11,2,HS,7,7-8,SB,13.5625,-1.4,
26-Jul,20,11,3,HT,2,2-2,NB,1.7525,-2.9,
26-Jul,20,11,4,HX,2,2-3,NB,2.66375,0.9,
26-Jul,21,11,1,C,7,7-5,SB,1.185,56.6,
26-Jul,21,11,2,HS,7,7-8,SB,11.14875,-3.7,
26-Jul,21,11,3,HT,2,2-2,NB,1.83625,-17.1,
26-Jul,21,11,4,HX,2,2-3,NB,2.495,-0.9,
26-Jul,22,11,1,C,7,7-5,SB,1.1175,-7.6,
26-Jul,22,11,2,HS,7,7-8,SB,9.71375,3.1,
26-Jul,22,11,3,HT,2,2-2,NB,1.48625,-1.8,
26-Jul,22,11,4,HX,2,2-3,NB,2.03375,-4.2,
26-Jul,23,11,1,C,7,7-5,SB,1.5075,-5.9,
26-Jul,23,11,2,HS,7,7-8,SB,13.95,-24.8,
26-Jul,23,11,3,HT,2,2-2,NB,1.445,-8.3,
26-Jul,23,11,4,HX,2,2-3,NB,2.1975,-5.7,
26-Jul,24,11,1,C,7,7-5,SB,1.42125,-1.5,
26-Jul,24,11,2,HS,7,7-8,SB,12.4,-4,
26-Jul,24,11,3,HT,2,2-2,NB,1.61375,1.7,
26-Jul,24,11,4,HX,2,2-3,NB,2.6075,-6.5,
28-Jul,1,12,1,C,2,2-7,NB,0.79,-7.7,
28-Jul,1,12,2,HS,2,2-1,NB,4.56,20.8,
28-Jul,1,12,3,HT,7,7-6,SB,0.96,16.3,
28-Jul,1,12,4,HX,7,7-3,SB,0.65,-0.9,
28-Jul,2,12,1,C,2,2-7,NB,1.05,0.2,
28-Jul,2,12,2,HS,2,2-1,NB,46.59,3.4,
28-Jul,2,12,3,HT,7,7-6,SB,1.1,2.9,
28-Jul,2,12,4,HX,7,7-3,SB,52.61,-0.3,
28-Jul,3,12,1,C,2,2-7,NB,1.39,-8.5,
28-Jul,3,12,2,HS,2,2-1,NB,42.7,0,
28-Jul,3,12,3,HT,7,7-6,SB,1.15,-2,
28-Jul,3,12,4,HX,7,7-3,SB,37.03,-5,
28-Jul,4,12,1,C,2,2-7,NB,1.16,-2.8,
28-Jul,4,12,2,HS,2,2-1,NB,48.35,-0.5,
28-Jul,4,12,3,HT,7,7-6,SB,0.47,-11.8,
28-Jul,4,12,4,HX,7,7-3,SB,36.55,-11.1,
28-Jul,5,12,1,C,2,2-7,NB,1.28,4.3,
28-Jul,5,12,2,HS,2,2-1,NB,38.07,-0.4,
28-Jul,5,12,3,HT,7,7-6,SB,0.81,-5.4,
28-Jul,5,12,4,HX,7,7-3,SB,27.02,1.6,
28-Jul,6,12,1,C,2,2-7,NB,1.35,3.9,
28-Jul,6,12,2,HS,2,2-1,NB,38.25,4,
28-Jul,6,12,3,HT,7,7-6,SB,0.52,4.6,
28-Jul,6,12,4,HX,7,7-3,SB,30.9,11.6,
28-Jul,7,12,1,C,2,2-7,NB,1.32,-4,
28-Jul,7,12,2,HS,2,2-1,NB,39.02,5,
28-Jul,7,12,3,HT,7,7-6,SB,1.35,2.7,
28-Jul,7,12,4,HX,7,7-3,SB,42.53,29.9,
28-Jul,8,12,1,C,2,2-7,NB,1.09,0,
28-Jul,8,12,2,HS,2,2-1,NB,41.36,-7.2,
28-Jul,8,12,3,HT,7,7-6,SB,0.75,4.7,
28-Jul,8,12,4,HX,7,7-3,SB,41.57,5,
28-Jul,9,12,1,C,2,2-7,NB,0.6,-2.9,
28-Jul,9,12,2,HS,2,2-1,NB,35.43,-4.9,
28-Jul,9,12,3,HT,7,7-6,SB,0.42,1,
28-Jul,9,12,4,HX,7,7-3,SB,31.34,0.2,
28-Jul,10,12,1,C,2,2-7,NB,0.9,-4.4,
28-Jul,10,12,2,HS,2,2-1,NB,33.49,-3.9,
28-Jul,10,12,3,HT,7,7-6,SB,2.09,15.5,
28-Jul,10,12,4,HX,7,7-3,SB,31.01,-4.7,
28-Jul,11,12,1,C,2,2-7,NB,0.76,-11.3,
28-Jul,11,12,2,HS,2,2-1,NB,31.49,-18.1,
28-Jul,11,12,3,HT,7,7-6,SB,0.8,8.1,
28-Jul,11,12,4,HX,7,7-3,SB,26.47,7.7,
28-Jul,12,12,1,C,2,2-7,NB,0.89,1.9,
28-Jul,12,12,2,HS,2,2-1,NB,27.7,-1.5,
28-Jul,12,12,3,HT,7,7-6,SB,0.51,-7.4,
28-Jul,12,12,4,HX,7,7-3,SB,21.28,-12.5,
28-Jul,13,12,1,C,2,2-7,NB,0.93,1.8,
28-Jul,13,12,2,HS,2,2-1,NB,22.99,-0.2,
28-Jul,13,12,3,HT,7,7-6,SB,0.47,-1.8,
28-Jul,13,12,4,HX,7,7-3,SB,22.21,-1.5,
28-Jul,14,12,1,C,2,2-7,NB,0.75,-5.9,
28-Jul,14,12,2,HS,2,2-1,NB,21.29,-9.9,
28-Jul,14,12,3,HT,7,7-6,SB,0.55,2.3,
28-Jul,14,12,4,HX,7,7-3,SB,20.78,2.6,
28-Jul,15,12,1,C,2,2-7,NB,0.71,1.3,
28-Jul,15,12,2,HS,2,2-1,NB,20.57,-2.6,
28-Jul,15,12,3,HT,7,7-6,SB,1.54,0.4,
28-Jul,15,12,4,HX,7,7-3,SB,16.31,5.2,
28-Jul,16,12,1,C,2,2-7,NB,0.63,0.1,
28-Jul,16,12,2,HS,2,2-1,NB,15.67,6,
28-Jul,16,12,3,HT,7,7-6,SB,2.35,-4.3,
28-Jul,16,12,4,HX,7,7-3,SB,12.02,-15.2,
28-Jul,17,12,1,C,2,2-7,NB,0.79,3.5,
28-Jul,17,12,2,HS,2,2-1,NB,16.85,2.2,
28-Jul,17,12,3,HT,7,7-6,SB,2.54,-21.4,
28-Jul,17,12,4,HX,7,7-3,SB,13.4,-6.6,
28-Jul,18,12,1,C,2,2-7,NB,1.69,12.3,
28-Jul,18,12,2,HS,2,2-1,NB,13.38,8.2,
28-Jul,18,12,3,HT,7,7-6,SB,2.48,-6.1,
28-Jul,18,12,4,HX,7,7-3,SB,10.98,2.4,
28-Jul,19,12,1,C,2,2-7,NB,1.61,0.9,
28-Jul,19,12,2,HS,2,2-1,NB,12.75,-4,
28-Jul,19,12,3,HT,7,7-6,SB,3.76,-1.5,
28-Jul,19,12,4,HX,7,7-3,SB,11.76,-17.4,
28-Jul,20,12,1,C,2,2-7,NB,1.13,-6.2,
28-Jul,20,12,2,HS,2,2-1,NB,9.72,-2.9,
28-Jul,20,12,3,HT,7,7-6,SB,2.61,-8.3,
28-Jul,20,12,4,HX,7,7-3,SB,8.7,-1.6,
28-Jul,21,12,1,C,2,2-7,NB,2.01,17.3,
28-Jul,21,12,2,HS,2,2-1,NB,11.95,2.2,
28-Jul,21,12,3,HT,7,7-6,SB,0.45,-4.3,
28-Jul,21,12,4,HX,7,7-3,SB,6.87,-14.2,
28-Jul,22,12,1,C,2,2-7,NB,1.58,-2.4,
28-Jul,22,12,2,HS,2,2-1,NB,7.08,0.3,
28-Jul,22,12,3,HT,7,7-6,SB,1.96,-4.6,
28-Jul,22,12,4,HX,7,7-3,SB,7.06,0.7,
28-Jul,23,12,1,C,2,2-7,NB,1.3,-6.4,
28-Jul,23,12,2,HS,2,2-1,NB,6.27,-5.2,
28-Jul,23,12,3,HT,7,7-6,SB,1.59,11.7,
28-Jul,23,12,4,HX,7,7-3,SB,4.82,-6.7,
28-Jul,24,12,1,C,2,2-7,NB,1.47,3.4,
28-Jul,24,12,2,HS,2,2-1,NB,5.48,-7.6,
28-Jul,24,12,3,HT,7,7-6,SB,0.9,-3.8,
28-Jul,24,12,4,HX,7,7-3,SB,5.64,-1.9,
30-Jul,1,13,1,C,5,5-1,SB,0.75,-5.6,
30-Jul,1,13,2,HS,5,5-5,SB,4.31,-9.3,
30-Jul,1,13,3,HT,1,1-5,NB,1.35,13.3,
30-Jul,1,13,4,HX,1,1-8,NB,1.51,-3.9,
30-Jul,2,13,1,C,5,5-1,SB,0.87,9.8,
30-Jul,2,13,2,HS,5,5-5,SB,53.85,9.5,
30-Jul,2,13,3,HT,1,1-5,NB,1.15,-12.1,
30-Jul,2,13,4,HX,1,1-8,NB,45.96,4.3,
30-Jul,3,13,1,C,5,5-1,SB,6.11,-12.5,
30-Jul,3,13,2,HS,5,5-5,SB,47.32,-1,
30-Jul,3,13,3,HT,1,1-5,NB,1.65,2.3,
30-Jul,3,13,4,HX,1,1-8,NB,44.12,5.4,
30-Jul,4,13,1,C,5,5-1,SB,1.03,6.4,
30-Jul,4,13,2,HS,5,5-5,SB,52.42,7.5,
30-Jul,4,13,3,HT,1,1-5,NB,1.41,-13.7,
30-Jul,4,13,4,HX,1,1-8,NB,42.98,-1.6,
30-Jul,5,13,1,C,5,5-1,SB,3.86,1.1,
30-Jul,5,13,2,HS,5,5-5,SB,50.59,5.8,
30-Jul,5,13,3,HT,1,1-5,NB,2.12,1.8,
30-Jul,5,13,4,HX,1,1-8,NB,36.91,-7.7,
30-Jul,6,13,1,C,5,5-1,SB,1.17,-6.7,
30-Jul,6,13,2,HS,5,5-5,SB,46.95,-9.9,
30-Jul,6,13,3,HT,1,1-5,NB,1.08,8.8,
30-Jul,6,13,4,HX,1,1-8,NB,30.85,-5.4,
30-Jul,7,13,1,C,5,5-1,SB,1.9,13.2,
30-Jul,7,13,2,HS,5,5-5,SB,44.08,-0.4,
30-Jul,7,13,3,HT,1,1-5,NB,1.65,-10.8,
30-Jul,7,13,4,HX,1,1-8,NB,29.28,-2.5,
30-Jul,8,13,1,C,5,5-1,SB,2.96,5.6,
30-Jul,8,13,2,HS,5,5-5,SB,36.68,6.4,
30-Jul,8,13,3,HT,1,1-5,NB,0.87,-10.4,
30-Jul,8,13,4,HX,1,1-8,NB,27.92,-3.7,
30-Jul,9,13,1,C,5,5-1,SB,0.73,5.2,
30-Jul,9,13,2,HS,5,5-5,SB,39.77,-32,
30-Jul,9,13,3,HT,1,1-5,NB,1.72,-18.7,
30-Jul,9,13,4,HX,1,1-8,NB,21.81,-0.9,
30-Jul,10,13,1,C,5,5-1,SB,1.07,-8.5,
30-Jul,10,13,2,HS,5,5-5,SB,36.78,4.8,
30-Jul,10,13,3,HT,1,1-5,NB,0.98,-1.2,
30-Jul,10,13,4,HX,1,1-8,NB,21.43,2.6,
30-Jul,11,13,1,C,5,5-1,SB,0.92,7.2,
30-Jul,11,13,2,HS,5,5-5,SB,38.5,-3.3,
30-Jul,11,13,3,HT,1,1-5,NB,1.62,-5.1,
30-Jul,11,13,4,HX,1,1-8,NB,65.34,-7.7,
30-Jul,12,13,1,C,5,5-1,SB,1.37,-9.8,
30-Jul,12,13,2,HS,5,5-5,SB,32.36,19.9,
30-Jul,12,13,3,HT,1,1-5,NB,0.91,-13.8,
30-Jul,12,13,4,HX,1,1-8,NB,67.75,1.6,
30-Jul,13,13,1,C,5,5-1,SB,0.92,-9.8,
30-Jul,13,13,2,HS,5,5-5,SB,31.78,-8.3,
30-Jul,13,13,3,HT,1,1-5,NB,1.68,4.1,
30-Jul,13,13,4,HX,1,1-8,NB,63.13,-40.5,
30-Jul,14,13,1,C,5,5-1,SB,2.75,-11.9,
30-Jul,14,13,2,HS,5,5-5,SB,26.19,-11,
30-Jul,14,13,3,HT,1,1-5,NB,1.17,-5.6,
30-Jul,14,13,4,HX,1,1-8,NB,65.33,-2.9,
30-Jul,15,13,1,C,5,5-1,SB,1.87,-7,
30-Jul,15,13,2,HS,5,5-5,SB,23.8,-0.1,
30-Jul,15,13,3,HT,1,1-5,NB,4.35,-1.7,
30-Jul,15,13,4,HX,1,1-8,NB,66.3,3.9,
30-Jul,16,13,1,C,5,5-1,SB,1.74,4.5,
30-Jul,16,13,2,HS,5,5-5,SB,20.64,-0.4,
30-Jul,16,13,3,HT,1,1-5,NB,1.15,19.8,
30-Jul,16,13,4,HX,1,1-8,NB,55.29,-4.9,
30-Jul,17,13,1,C,5,5-1,SB,1.66,1.4,
30-Jul,17,13,2,HS,5,5-5,SB,19.67,-4.9,
30-Jul,17,13,3,HT,1,1-5,NB,1.74,5.4,
30-Jul,17,13,4,HX,1,1-8,NB,51.56,-2.8,
30-Jul,18,13,1,C,5,5-1,SB,5.49,-3.1,
30-Jul,18,13,2,HS,5,5-5,SB,15.25,6,
30-Jul,18,13,3,HT,1,1-5,NB,1.63,-6.8,
30-Jul,18,13,4,HX,1,1-8,NB,40.08,1.2,
30-Jul,19,13,1,C,5,5-1,SB,1.11,-17.2,
30-Jul,19,13,2,HS,5,5-5,SB,16.07,-9,
30-Jul,19,13,3,HT,1,1-5,NB,0.87,0.1,
30-Jul,19,13,4,HX,1,1-8,NB,41.86,1.6,
30-Jul,20,13,1,C,5,5-1,SB,2.35,-1.6,
30-Jul,20,13,2,HS,5,5-5,SB,12.5,0.8,
30-Jul,20,13,3,HT,1,1-5,NB,1.3,5.1,
30-Jul,20,13,4,HX,1,1-8,NB,39.67,-8.7,
30-Jul,21,13,1,C,5,5-1,SB,1.84,6.9,
30-Jul,21,13,2,HS,5,5-5,SB,11.98,-7.3,
30-Jul,21,13,3,HT,1,1-5,NB,1.9,7.5,
30-Jul,21,13,4,HX,1,1-8,NB,34.16,-4.1,
30-Jul,22,13,1,C,5,5-1,SB,1.35,7.2,
30-Jul,22,13,2,HS,5,5-5,SB,10.12,-6.4,
30-Jul,22,13,3,HT,1,1-5,NB,1.06,-2.5,
30-Jul,22,13,4,HX,1,1-8,NB,28.15,-4.6,
30-Jul,23,13,1,C,5,5-1,SB,1.48,-2.4,
30-Jul,23,13,2,HS,5,5-5,SB,8.47,-6.3,
30-Jul,23,13,3,HT,1,1-5,NB,2.74,-2,
30-Jul,23,13,4,HX,1,1-8,NB,29.68,-8.4,
30-Jul,24,13,1,C,5,5-1,SB,0.71,-4.5,
30-Jul,24,13,2,HS,5,5-5,SB,11.61,-32,
30-Jul,24,13,3,HT,1,1-5,NB,1.37,-4.1,
30-Jul,24,13,4,HX,1,1-8,NB,26.2,-5.7,
2-Aug,1,14,1,C,1,1-4,NB,1.66,7.9,
2-Aug,1,14,2,HS,1,1-6,NB,1.62,-5.5,
2-Aug,1,14,3,HT,5,5-3,SB,1.84,5.4,
2-Aug,1,14,4,HX,5,5-8,SB,1.87,-4.6,
2-Aug,2,14,1,C,1,1-4,NB,1.14,-3.5,
2-Aug,2,14,2,HS,1,1-6,NB,50.98,-28,
2-Aug,2,14,3,HT,5,5-3,SB,1.19,6.8,
2-Aug,2,14,4,HX,5,5-8,SB,51.39,-6,
2-Aug,3,14,1,C,1,1-4,NB,1.36,-5.2,
2-Aug,3,14,2,HS,1,1-6,NB,48.1,-3.3,
2-Aug,3,14,3,HT,5,5-3,SB,2.44,5.4,
2-Aug,3,14,4,HX,5,5-8,SB,51.87,-8.7,
2-Aug,4,14,1,C,1,1-4,NB,1.57,-8.7,
2-Aug,4,14,2,HS,1,1-6,NB,43.01,-498.4,
2-Aug,4,14,3,HT,5,5-3,SB,2.75,15.6,
2-Aug,4,14,4,HX,5,5-8,SB,52.25,-5.4,
2-Aug,5,14,1,C,1,1-4,NB,0.93,-0.3,
2-Aug,5,14,2,HS,1,1-6,NB,42.49,12.7,
2-Aug,5,14,3,HT,5,5-3,SB,1.81,2.4,
2-Aug,5,14,4,HX,5,5-8,SB,51.45,24,
2-Aug,6,14,1,C,1,1-4,NB,0.94,-0.4,
2-Aug,6,14,2,HS,1,1-6,NB,42.56,-4.9,
2-Aug,6,14,3,HT,5,5-3,SB,1.84,6.4,
2-Aug,6,14,4,HX,5,5-8,SB,53.37,-3.2,
2-Aug,7,14,1,C,1,1-4,NB,0.51,2.6,
2-Aug,7,14,2,HS,1,1-6,NB,33.64,20.5,
2-Aug,7,14,3,HT,5,5-3,SB,1.13,-3.1,
2-Aug,7,14,4,HX,5,5-8,SB,50.72,7.9,
2-Aug,8,14,1,C,1,1-4,NB,1.03,-4,
2-Aug,8,14,2,HS,1,1-6,NB,33.57,3.6,
2-Aug,8,14,3,HT,5,5-3,SB,1.11,-8.6,
2-Aug,8,14,4,HX,5,5-8,SB,44.43,1.4,
2-Aug,9,14,1,C,1,1-4,NB,1.23,-7.8,
2-Aug,9,14,2,HS,1,1-6,NB,32.97,-10.3,
2-Aug,9,14,3,HT,5,5-3,SB,1.59,0.1,
2-Aug,9,14,4,HX,5,5-8,SB,45.95,11.4,
2-Aug,10,14,1,C,1,1-4,NB,1.51,-2.8,
2-Aug,10,14,2,HS,1,1-6,NB,33.93,3.6,
2-Aug,10,14,3,HT,5,5-3,SB,1.07,-13,
2-Aug,10,14,4,HX,5,5-8,SB,50.75,-3.3,
2-Aug,11,14,1,C,1,1-4,NB,1.98,0.4,
2-Aug,11,14,2,HS,1,1-6,NB,27.58,-2.6,
2-Aug,11,14,3,HT,5,5-3,SB,1.97,-6.3,
2-Aug,11,14,4,HX,5,5-8,SB,38.29,-10.3,
2-Aug,12,14,1,C,1,1-4,NB,1.65,0.9,
2-Aug,12,14,2,HS,1,1-6,NB,28.14,-0.4,
2-Aug,12,14,3,HT,5,5-3,SB,0.88,-3.8,
2-Aug,12,14,4,HX,5,5-8,SB,42.37,1.4,
2-Aug,13,14,1,C,1,1-4,NB,1.57,-3.9,
2-Aug,13,14,2,HS,1,1-6,NB,24.74,-4.1,
2-Aug,13,14,3,HT,5,5-3,SB,0.77,-17.9,
2-Aug,13,14,4,HX,5,5-8,SB,43.37,29.2,
2-Aug,14,14,1,C,1,1-4,NB,2.09,-7.6,
2-Aug,14,14,2,HS,1,1-6,NB,33.83,-39.3,
2-Aug,14,14,3,HT,5,5-3,SB,1.44,6,
2-Aug,14,14,4,HX,5,5-8,SB,35.87,-1.3,
2-Aug,15,14,1,C,1,1-4,NB,1.72,-9.5,
2-Aug,15,14,2,HS,1,1-6,NB,31.99,2,
2-Aug,15,14,3,HT,5,5-3,SB,1.18,3.5,
2-Aug,15,14,4,HX,5,5-8,SB,34.43,1.2,
2-Aug,16,14,1,C,1,1-4,NB,1.56,1,
2-Aug,16,14,2,HS,1,1-6,NB,31.9,-8.4,
2-Aug,16,14,3,HT,5,5-3,SB,2.36,2.3,
2-Aug,16,14,4,HX,5,5-8,SB,36.61,1.1,
2-Aug,17,14,1,C,1,1-4,NB,2.9,-12.6,
2-Aug,17,14,2,HS,1,1-6,NB,31.65,3.4,
2-Aug,17,14,3,HT,5,5-3,SB,2.08,5.6,
2-Aug,17,14,4,HX,5,5-8,SB,32.53,-3.5,
2-Aug,18,14,1,C,1,1-4,NB,0.74,2.3,
2-Aug,18,14,2,HS,1,1-6,NB,30.67,-0.6,
2-Aug,18,14,3,HT,5,5-3,SB,1.42,-4.6,
2-Aug,18,14,4,HX,5,5-8,SB,40.62,-8.4,
2-Aug,19,14,1,C,1,1-4,NB,1.03,-2.5,
2-Aug,19,14,2,HS,1,1-6,NB,20.79,3,
2-Aug,19,14,3,HT,5,5-3,SB,1.24,-21.7,
2-Aug,19,14,4,HX,5,5-8,SB,31.68,-3.8,
2-Aug,20,14,1,C,1,1-4,NB,1.58,0,
2-Aug,20,14,2,HS,1,1-6,NB,42.22,-3.3,
2-Aug,20,14,3,HT,5,5-3,SB,2.21,-4.8,
2-Aug,20,14,4,HX,5,5-8,SB,33.92,54.1,
2-Aug,21,14,1,C,1,1-4,NB,2.01,-0.2,
2-Aug,21,14,2,HS,1,1-6,NB,29.47,-4.7,
2-Aug,21,14,3,HT,5,5-3,SB,0.86,-0.8,
2-Aug,21,14,4,HX,5,5-8,SB,30.57,5,
2-Aug,22,14,1,C,1,1-4,NB,1.31,6.3,
2-Aug,22,14,2,HS,1,1-6,NB,28.52,-0.1,
2-Aug,22,14,3,HT,5,5-3,SB,1.75,19.8,
2-Aug,22,14,4,HX,5,5-8,SB,26.31,37.4,
2-Aug,23,14,1,C,1,1-4,NB,0.88,-11.9,
2-Aug,23,14,2,HS,1,1-6,NB,32.63,-10.2,
2-Aug,23,14,3,HT,5,5-3,SB,0.7,1.5,
2-Aug,23,14,4,HX,5,5-8,SB,24.93,5.8,
2-Aug,24,14,1,C,1,1-4,NB,1.21,17.1,
2-Aug,24,14,2,HS,1,1-6,NB,34.48,-2.4,
2-Aug,24,14,3,HT,5,5-3,SB,1.74,0.3,
2-Aug,24,14,4,HX,5,5-8,SB,19.68,0.6,
4-Aug,1,15,1,C,8,8-1,SB,0.72,-8,
4-Aug,1,15,2,HS,8,8-9,SB,4.35,-19.2,
4-Aug,1,15,3,HT,4,4-4,NB,2.03,-6.5,
4-Aug,1,15,4,HX,4,4-8,NB,0.35,-3,
4-Aug,2,15,1,C,8,8-1,SB,0.9,-4.1,
4-Aug,2,15,2,HS,8,8-9,SB,55.88,9.9,
4-Aug,2,15,3,HT,4,4-4,NB,1.51,-4.3,
4-Aug,2,15,4,HX,4,4-8,NB,51.23,-1,
4-Aug,3,15,1,C,8,8-1,SB,1.67,0.2,
4-Aug,3,15,2,HS,8,8-9,SB,54.23,11.8,
4-Aug,3,15,3,HT,4,4-4,NB,1.19,4.1,
4-Aug,3,15,4,HX,4,4-8,NB,48.78,7.4,
4-Aug,4,15,1,C,8,8-1,SB,1.45,7.2,
4-Aug,4,15,2,HS,8,8-9,SB,53.17,-2.9,
4-Aug,4,15,3,HT,4,4-4,NB,1.24,7.7,
4-Aug,4,15,4,HX,4,4-8,NB,57.93,1.7,
4-Aug,5,15,1,C,8,8-1,SB,1.62,-8.5,
4-Aug,5,15,2,HS,8,8-9,SB,52.56,1.6,
4-Aug,5,15,3,HT,4,4-4,NB,1.95,4.6,
4-Aug,5,15,4,HX,4,4-8,NB,58.46,-12.6,
4-Aug,6,15,1,C,8,8-1,SB,1.21,-1.8,
4-Aug,6,15,2,HS,8,8-9,SB,49.44,8.1,
4-Aug,6,15,3,HT,4,4-4,NB,2.57,-2.8,
4-Aug,6,15,4,HX,4,4-8,NB,50.54,-6,
4-Aug,7,15,1,C,8,8-1,SB,0.47,-4.1,
4-Aug,7,15,2,HS,8,8-9,SB,46.88,-1.4,
4-Aug,7,15,3,HT,4,4-4,NB,2.51,4.7,
4-Aug,7,15,4,HX,4,4-8,NB,55.51,1.8,
4-Aug,8,15,1,C,8,8-1,SB,1.55,1.2,
4-Aug,8,15,2,HS,8,8-9,SB,45.46,-5,
4-Aug,8,15,3,HT,4,4-4,NB,1.93,1.3,
4-Aug,8,15,4,HX,4,4-8,NB,43.23,4.1,
4-Aug,9,15,1,C,8,8-1,SB,2.01,4.4,
4-Aug,9,15,2,HS,8,8-9,SB,47.34,0.3,
4-Aug,9,15,3,HT,4,4-4,NB,1.97,-7.5,
4-Aug,9,15,4,HX,4,4-8,NB,54.22,-28.8,
4-Aug,10,15,1,C,8,8-1,SB,1.49,-5.9,
4-Aug,10,15,2,HS,8,8-9,SB,37.14,-2.8,
4-Aug,10,15,3,HT,4,4-4,NB,0.89,0.4,
4-Aug,10,15,4,HX,4,4-8,NB,45.86,1.9,
4-Aug,11,15,1,C,8,8-1,SB,0.8,-3.6,
4-Aug,11,15,2,HS,8,8-9,SB,38.24,7,
4-Aug,11,15,3,HT,4,4-4,NB,1.87,-8.1,
4-Aug,11,15,4,HX,4,4-8,NB,46.86,-1.4,
4-Aug,12,15,1,C,8,8-1,SB,1.92,-0.3,
4-Aug,12,15,2,HS,8,8-9,SB,34.05,-3.6,
4-Aug,12,15,3,HT,4,4-4,NB,1.45,4.2,
4-Aug,12,15,4,HX,4,4-8,NB,35.45,-3.9,
4-Aug,13,15,1,C,8,8-1,SB,1.18,-2.2,
4-Aug,13,15,2,HS,8,8-9,SB,36.45,-3.4,
4-Aug,13,15,3,HT,4,4-4,NB,1.18,-8.5,
4-Aug,13,15,4,HX,4,4-8,NB,36.75,0.8,
4-Aug,14,15,1,C,8,8-1,SB,0.88,-1.9,
4-Aug,14,15,2,HS,8,8-9,SB,37.1,8.6,
4-Aug,14,15,3,HT,4,4-4,NB,1.51,-10.8,
4-Aug,14,15,4,HX,4,4-8,NB,36.62,-14.6,
4-Aug,15,15,1,C,8,8-1,SB,1.69,-14.1,
4-Aug,15,15,2,HS,8,8-9,SB,36.03,-33.1,
4-Aug,15,15,3,HT,4,4-4,NB,1.42,-2.6,
4-Aug,15,15,4,HX,4,4-8,NB,33.17,-37.4,
4-Aug,16,15,1,C,8,8-1,SB,0.71,-0.8,
4-Aug,16,15,2,HS,8,8-9,SB,31.24,-4.8,
4-Aug,16,15,3,HT,4,4-4,NB,1.6,3.9,
4-Aug,16,15,4,HX,4,4-8,NB,33.03,34.8,
4-Aug,17,15,1,C,8,8-1,SB,1.63,-9.3,
4-Aug,17,15,2,HS,8,8-9,SB,30.36,7.6,
4-Aug,17,15,3,HT,4,4-4,NB,0.97,-1.1,
4-Aug,17,15,4,HX,4,4-8,NB,23.76,-25.6,
4-Aug,18,15,1,C,8,8-1,SB,1.93,-14.1,
4-Aug,18,15,2,HS,8,8-9,SB,27.48,44.6,
4-Aug,18,15,3,HT,4,4-4,NB,1.07,6,
4-Aug,18,15,4,HX,4,4-8,NB,22.54,29.1,
4-Aug,19,15,1,C,8,8-1,SB,1.01,-10.2,
4-Aug,19,15,2,HS,8,8-9,SB,25.86,-4.5,
4-Aug,19,15,3,HT,4,4-4,NB,1.53,-5.3,
4-Aug,19,15,4,HX,4,4-8,NB,21.36,4.7,
4-Aug,20,15,1,C,8,8-1,SB,1.15,-8.5,
4-Aug,20,15,2,HS,8,8-9,SB,26.31,1.1,
4-Aug,20,15,3,HT,4,4-4,NB,1.79,-1.9,
4-Aug,20,15,4,HX,4,4-8,NB,22.47,-5.6,
4-Aug,21,15,1,C,8,8-1,SB,1.47,-16.9,
4-Aug,21,15,2,HS,8,8-9,SB,19.64,-4.6,
4-Aug,21,15,3,HT,4,4-4,NB,1.47,-9.2,
4-Aug,21,15,4,HX,4,4-8,NB,20.07,-0.7,
4-Aug,22,15,1,C,8,8-1,SB,1.54,-0.4,
4-Aug,22,15,2,HS,8,8-9,SB,19.39,-4.4,
4-Aug,22,15,3,HT,4,4-4,NB,1.56,-2.9,
4-Aug,22,15,4,HX,4,4-8,NB,20.12,58.2,
4-Aug,23,15,1,C,8,8-1,SB,Jan-00,1.1,
4-Aug,23,15,2,HS,8,8-9,SB,15.56,1.6,
4-Aug,23,15,3,HT,4,4-4,NB,1.04,2,
4-Aug,23,15,4,HX,4,4-8,NB,17.21,-4.5,
4-Aug,24,15,1,C,8,8-1,SB,1.69,-1.8,
4-Aug,24,15,2,HS,8,8-9,SB,12.54,-0.9,
4-Aug,24,15,3,HT,4,4-4,NB,2.93,-2.5,
4-Aug,24,15,4,HX,4,4-8,NB,14.31,13.3,
6-Aug,1,16,1,C,6,6-9,SB,0.91,-14.1,
6-Aug,1,16,2,HS,6,6-2,SB,5.98,-7.4,
6-Aug,1,16,3,HT,3,3-1,NB,1.4,11.9,
6-Aug,1,16,4,HX,3,3-5,NB,2.77,-3.6,
6-Aug,2,16,1,C,6,6-9,SB,1.46,58.7,
6-Aug,2,16,2,HS,6,6-2,SB,57.22,-12,
6-Aug,2,16,3,HT,3,3-1,NB,1.6,-14.6,
6-Aug,2,16,4,HX,3,3-5,NB,51.12,32.1,
6-Aug,3,16,1,C,6,6-9,SB,1.34,21.2,
6-Aug,3,16,2,HS,6,6-2,SB,45.98,0.1,
6-Aug,3,16,3,HT,3,3-1,NB,0.7,10.3,
6-Aug,3,16,4,HX,3,3-5,NB,55.36,2,
6-Aug,4,16,1,C,6,6-9,SB,1.34,-2.7,
6-Aug,4,16,2,HS,6,6-2,SB,45.98,3.7,
6-Aug,4,16,3,HT,3,3-1,NB,0.7,40.2,
6-Aug,4,16,4,HX,3,3-5,NB,55.36,-0.2,
6-Aug,5,16,1,C,6,6-9,SB,1.75,3.9,
6-Aug,5,16,2,HS,6,6-2,SB,53.86,5.1,
6-Aug,5,16,3,HT,3,3-1,NB,1.29,-184.8,
6-Aug,5,16,4,HX,3,3-5,NB,51.7,-0.7,
6-Aug,6,16,1,C,6,6-9,SB,1.96,-7.4,
6-Aug,6,16,2,HS,6,6-2,SB,50.12,-15.1,
6-Aug,6,16,3,HT,3,3-1,NB,2.57,-6.5,
6-Aug,6,16,4,HX,3,3-5,NB,45.78,-4.7,
6-Aug,7,16,1,C,6,6-9,SB,1.61,-3.5,
6-Aug,7,16,2,HS,6,6-2,SB,47.96,-16.2,
6-Aug,7,16,3,HT,3,3-1,NB,2.02,2.1,
6-Aug,7,16,4,HX,3,3-5,NB,47.18,-3.1,
6-Aug,8,16,1,C,6,6-9,SB,1.42,-2.2,
6-Aug,8,16,2,HS,6,6-2,SB,39.97,7.5,
6-Aug,8,16,3,HT,3,3-1,NB,0.83,6.1,
6-Aug,8,16,4,HX,3,3-5,NB,44.35,2.9,
6-Aug,9,16,1,C,6,6-9,SB,1.65,-0.9,
6-Aug,9,16,2,HS,6,6-2,SB,42.91,-0.2,
6-Aug,9,16,3,HT,3,3-1,NB,1.66,-5.7,
6-Aug,9,16,4,HX,3,3-5,NB,38.69,-11.1,
6-Aug,10,16,1,C,6,6-9,SB,0.92,-15.6,
6-Aug,10,16,2,HS,6,6-2,SB,42.65,0.4,
6-Aug,10,16,3,HT,3,3-1,NB,0.91,2.9,
6-Aug,10,16,4,HX,3,3-5,NB,38.12,-45.2,
6-Aug,11,16,1,C,6,6-9,SB,1.38,-5.2,
6-Aug,11,16,2,HS,6,6-2,SB,34.78,5.2,
6-Aug,11,16,3,HT,3,3-1,NB,2.04,6,
6-Aug,11,16,4,HX,3,3-5,NB,34.59,2.3,
6-Aug,12,16,1,C,6,6-9,SB,1.02,-8.3,
6-Aug,12,16,2,HS,6,6-2,SB,41.62,1.4,
6-Aug,12,16,3,HT,3,3-1,NB,0.73,129.3,
6-Aug,12,16,4,HX,3,3-5,NB,34.74,2.1,
6-Aug,13,16,1,C,6,6-9,SB,1.57,-7.3,
6-Aug,13,16,2,HS,6,6-2,SB,30.05,-18.4,
6-Aug,13,16,3,HT,3,3-1,NB,1.71,-37.5,
6-Aug,13,16,4,HX,3,3-5,NB,30.35,-11.5,
6-Aug,14,16,1,C,6,6-9,SB,1.29,31.7,
6-Aug,14,16,2,HS,6,6-2,SB,32.27,10.6,
6-Aug,14,16,3,HT,3,3-1,NB,0.82,-13.9,
6-Aug,14,16,4,HX,3,3-5,NB,27.26,5.4,
6-Aug,15,16,1,C,6,6-9,SB,1.38,3.6,
6-Aug,15,16,2,HS,6,6-2,SB,27.66,6.1,
6-Aug,15,16,3,HT,3,3-1,NB,1.47,-1.5,
6-Aug,15,16,4,HX,3,3-5,NB,21.81,3.4,
6-Aug,16,16,1,C,6,6-9,SB,1.97,-6.2,
6-Aug,16,16,2,HS,6,6-2,SB,24.39,3.9,
6-Aug,16,16,3,HT,3,3-1,NB,1.78,-3.7,
6-Aug,16,16,4,HX,3,3-5,NB,27.49,-3,
6-Aug,17,16,1,C,6,6-9,SB,1.41,-27.2,
6-Aug,17,16,2,HS,6,6-2,SB,21.64,30.6,
6-Aug,17,16,3,HT,3,3-1,NB,1.17,3.9,
6-Aug,17,16,4,HX,3,3-5,NB,25.49,-4.2,
6-Aug,18,16,1,C,6,6-9,SB,1.41,-5.9,
6-Aug,18,16,2,HS,6,6-2,SB,21.64,-42.4,
6-Aug,18,16,3,HT,3,3-1,NB,1.17,2.5,
6-Aug,18,16,4,HX,3,3-5,NB,25.46,-2.6,
6-Aug,19,16,1,C,6,6-9,SB,0.75,-0.2,
6-Aug,19,16,2,HS,6,6-2,SB,19.89,-5.4,
6-Aug,19,16,3,HT,3,3-1,NB,1.5,-15.6,
6-Aug,19,16,4,HX,3,3-5,NB,22.66,-2.5,
6-Aug,20,16,1,C,6,6-9,SB,1.65,1867.5,
6-Aug,20,16,2,HS,6,6-2,SB,18.79,1.7,
6-Aug,20,16,3,HT,3,3-1,NB,1.37,-17.1,
6-Aug,20,16,4,HX,3,3-5,NB,22.62,-2.4,
6-Aug,21,16,1,C,6,6-9,SB,1.12,3.6,
6-Aug,21,16,2,HS,6,6-2,SB,20.98,3.8,
6-Aug,21,16,3,HT,3,3-1,NB,1.87,-5.7,
6-Aug,21,16,4,HX,3,3-5,NB,39.75,22.4,
6-Aug,22,16,1,C,6,6-9,SB,1.13,-2,
6-Aug,22,16,2,HS,6,6-2,SB,19.7,4.7,
6-Aug,22,16,3,HT,3,3-1,NB,1.59,-28.9,
6-Aug,22,16,4,HX,3,3-5,NB,36.78,-2.1,
6-Aug,23,16,1,C,6,6-9,SB,1.2,-10.2,
6-Aug,23,16,2,HS,6,6-2,SB,17.34,-2.3,
6-Aug,23,16,3,HT,3,3-1,NB,1.48,2.1,
6-Aug,23,16,4,HX,3,3-5,NB,31.97,-0.4,
6-Aug,24,16,1,C,6,6-9,SB,2.27,15.4,
6-Aug,24,16,2,HS,6,6-2,SB,19.92,6.7,
6-Aug,24,16,3,HT,3,3-1,NB,1.57,-15,
6-Aug,24,16,4,HX,3,3-5,NB,26.84,0.4,
6-Aug,25,16,1,C,6,6-9,SB,1.05,18,
6-Aug,25,16,2,HS,6,6-2,SB,9.88,12.2,
6-Aug,25,16,3,HT,3,3-1,NB,0.56,0.5,
6-Aug,25,16,4,HX,3,3-5,NB,16.28,-0.9,
8-Aug,1,17,1,C,7,7-1,SB,1.2,2.8,
8-Aug,1,17,2,HS,7,7-2,SB,2.32,2.5,
8-Aug,1,17,3,HT,2,2-4,NB,1.57,6.2,
8-Aug,1,17,4,HX,2,2-6,NB,3.2,13.2,
8-Aug,2,17,1,C,7,7-1,SB,0.75,-1.6,
8-Aug,2,17,2,HS,7,7-2,SB,46.69,2.8,
8-Aug,2,17,3,HT,2,2-4,NB,0.77,7.9,
8-Aug,2,17,4,HX,2,2-6,NB,45.24,5.7,
8-Aug,3,17,1,C,7,7-1,SB,0.92,8.3,
8-Aug,3,17,2,HS,7,7-2,SB,64.35,10.5,
8-Aug,3,17,3,HT,2,2-4,NB,1.78,-14.5,
8-Aug,3,17,4,HX,2,2-6,NB,55.91,-3.7,
8-Aug,4,17,1,C,7,7-1,SB,1.04,0.5,
8-Aug,4,17,2,HS,7,7-2,SB,48.07,-2.4,
8-Aug,4,17,3,HT,2,2-4,NB,1.83,3,
8-Aug,4,17,4,HX,2,2-6,NB,47.23,2.9,
8-Aug,5,17,1,C,7,7-1,SB,1.89,6.9,
8-Aug,5,17,2,HS,7,7-2,SB,44.42,-1.2,
8-Aug,5,17,3,HT,2,2-4,NB,1.11,-4.1,
8-Aug,5,17,4,HX,2,2-6,NB,44.21,6.5,
8-Aug,6,17,1,C,7,7-1,SB,1.22,-7.1,
8-Aug,6,17,2,HS,7,7-2,SB,47.17,1,
8-Aug,6,17,3,HT,2,2-4,NB,0.88,-9.4,
8-Aug,6,17,4,HX,2,2-6,NB,36.89,5.4,
8-Aug,7,17,1,C,7,7-1,SB,1.1,-6.4,
8-Aug,7,17,2,HS,7,7-2,SB,44.91,-5.1,
8-Aug,7,17,3,HT,2,2-4,NB,0.67,-0.4,
8-Aug,7,17,4,HX,2,2-6,NB,39.7,6.6,
8-Aug,8,17,1,C,7,7-1,SB,1.61,-4.4,
8-Aug,8,17,2,HS,7,7-2,SB,40.01,25.5,
8-Aug,8,17,3,HT,2,2-4,NB,1.86,8.6,
8-Aug,8,17,4,HX,2,2-6,NB,35.1,8.8,
8-Aug,9,17,1,C,7,7-1,SB,1.79,3.3,
8-Aug,9,17,2,HS,7,7-2,SB,35.11,-3.3,
8-Aug,9,17,3,HT,2,2-4,NB,1.95,-7,
8-Aug,9,17,4,HX,2,2-6,NB,33.44,-4.2,
8-Aug,10,17,1,C,7,7-1,SB,1.14,-5.5,
8-Aug,10,17,2,HS,7,7-2,SB,35.18,0.9,
8-Aug,10,17,3,HT,2,2-4,NB,0.81,3.3,
8-Aug,10,17,4,HX,2,2-6,NB,27.25,0.7,
8-Aug,11,17,1,C,7,7-1,SB,1.58,-5.9,
8-Aug,11,17,2,HS,7,7-2,SB,31.6,10,
8-Aug,11,17,3,HT,2,2-4,NB,1.62,7.7,
8-Aug,11,17,4,HX,2,2-6,NB,27.87,-3.6,
8-Aug,12,17,1,C,7,7-1,SB,0.83,-7,
8-Aug,12,17,2,HS,7,7-2,SB,31.71,-4.7,
8-Aug,12,17,3,HT,2,2-4,NB,1.15,-11,
8-Aug,12,17,4,HX,2,2-6,NB,36.01,36.7,
8-Aug,13,17,1,C,7,7-1,SB,1.4,-6.6,
8-Aug,13,17,2,HS,7,7-2,SB,24.78,-1.4,
8-Aug,13,17,3,HT,2,2-4,NB,1.73,1.3,
8-Aug,13,17,4,HX,2,2-6,NB,29.91,0.7,
8-Aug,14,17,1,C,7,7-1,SB,1.02,-1.8,
8-Aug,14,17,2,HS,7,7-2,SB,24.68,-1.3,
8-Aug,14,17,3,HT,2,2-4,NB,1.74,40.8,
8-Aug,14,17,4,HX,2,2-6,NB,27.12,-4.7,
8-Aug,15,17,1,C,7,7-1,SB,1.19,-5.6,
8-Aug,15,17,2,HS,7,7-2,SB,22.43,-3.2,
8-Aug,15,17,3,HT,2,2-4,NB,1.51,-0.1,
8-Aug,15,17,4,HX,2,2-6,NB,26.51,-0.5,
8-Aug,16,17,1,C,7,7-1,SB,1.22,1.8,
8-Aug,16,17,2,HS,7,7-2,SB,19.17,-5.5,
8-Aug,16,17,3,HT,2,2-4,NB,0.81,7,
8-Aug,16,17,4,HX,2,2-6,NB,21.27,0.5,
8-Aug,17,17,1,C,7,7-1,SB,1.15,-6,
8-Aug,17,17,2,HS,7,7-2,SB,15.63,1.1,
8-Aug,17,17,3,HT,2,2-4,NB,1.89,2.2,
8-Aug,17,17,4,HX,2,2-6,NB,15.26,-10.7,
8-Aug,18,17,1,C,7,7-1,SB,1.74,-6.7,
8-Aug,18,17,2,HS,7,7-2,SB,18.79,30.9,
8-Aug,18,17,3,HT,2,2-4,NB,1.25,-2.3,
8-Aug,18,17,4,HX,2,2-6,NB,19.62,1.2,
8-Aug,19,17,1,C,7,7-1,SB,1.58,-6.7,
8-Aug,19,17,2,HS,7,7-2,SB,18.16,-0.5,
8-Aug,19,17,3,HT,2,2-4,NB,1.28,-2.7,
8-Aug,19,17,4,HX,2,2-6,NB,14.98,NA,
8-Aug,20,17,1,C,7,7-1,SB,1.75,-0.1,
8-Aug,20,17,2,HS,7,7-2,SB,18.87,2.7,
8-Aug,20,17,3,HT,2,2-4,NB,1.8,0,
8-Aug,20,17,4,HX,2,2-6,NB,12.76,-3.1,
8-Aug,21,17,1,C,7,7-1,SB,1.77,5.5,
8-Aug,21,17,2,HS,7,7-2,SB,14.56,3.9,
8-Aug,21,17,3,HT,2,2-4,NB,1.35,-16.3,
8-Aug,21,17,4,HX,2,2-6,NB,10.54,-1.2,
8-Aug,22,17,1,C,7,7-1,SB,1.56,9.7,
8-Aug,22,17,2,HS,7,7-2,SB,16.59,2.3,
8-Aug,22,17,3,HT,2,2-4,NB,1.49,6.1,
8-Aug,22,17,4,HX,2,2-6,NB,11.68,2.2,
8-Aug,23,17,1,C,7,7-1,SB,1.29,6.3,
8-Aug,23,17,2,HS,7,7-2,SB,25.24,-1.5,
8-Aug,23,17,3,HT,2,2-4,NB,1.52,8.2,
8-Aug,23,17,4,HX,2,2-6,NB,13.07,-1.2,
8-Aug,24,17,1,C,7,7-1,SB,0.93,6.8,
8-Aug,24,17,2,HS,7,7-2,SB,24.87,-3.6,
8-Aug,24,17,3,HT,2,2-4,NB,1.07,1.7,
8-Aug,24,17,4,HX,2,2-6,NB,11.65,-5.2,
11-Aug,1,18,1,C,5,5-2,SB,2.05,-0.1,
11-Aug,1,18,2,HS,5,5-6,SB,3.13,-6.8,
11-Aug,1,18,3,HT,1,1-7,NB,2.25,10.2,
11-Aug,1,18,4,HX,1,1-9,NB,3.23,-13.2,
11-Aug,2,18,1,C,5,5-2,SB,1.32,3.9,
11-Aug,2,18,2,HS,5,5-6,SB,63.13,5.8,
11-Aug,2,18,3,HT,1,1-7,NB,1.37,2.6,
11-Aug,2,18,4,HX,1,1-9,NB,69.92,-6.3,
11-Aug,3,18,1,C,5,5-2,SB,0.78,-5.6,
11-Aug,3,18,2,HS,5,5-6,SB,67.82,-2.4,
11-Aug,3,18,3,HT,1,1-7,NB,0.74,-88.6,
11-Aug,3,18,4,HX,1,1-9,NB,62.95,-6.5,
11-Aug,4,18,1,C,5,5-2,SB,0.98,8,
11-Aug,4,18,2,HS,5,5-6,SB,66.57,-20.8,
11-Aug,4,18,3,HT,1,1-7,NB,0.88,16.4,
11-Aug,4,18,4,HX,1,1-9,NB,71.38,-4.5,
11-Aug,5,18,1,C,5,5-2,SB,1.32,-4.7,
11-Aug,5,18,2,HS,5,5-6,SB,67.72,-2.7,
11-Aug,5,18,3,HT,1,1-7,NB,1.6,-8.9,
11-Aug,5,18,4,HX,1,1-9,NB,32.45,-2.1,
11-Aug,6,18,1,C,5,5-2,SB,0.62,-14.1,
11-Aug,6,18,2,HS,5,5-6,SB,68.42,0.8,
11-Aug,6,18,3,HT,1,1-7,NB,1.44,-5.9,
11-Aug,6,18,4,HX,1,1-9,NB,58.72,6.8,
11-Aug,7,18,1,C,5,5-2,SB,1.42,5.1,
11-Aug,7,18,2,HS,5,5-6,SB,76.54,15.6,
11-Aug,7,18,3,HT,1,1-7,NB,1.29,-12.9,
11-Aug,7,18,4,HX,1,1-9,NB,63.54,-3.6,
11-Aug,8,18,1,C,5,5-2,SB,1.71,-2,
11-Aug,8,18,2,HS,5,5-6,SB,78.35,29.4,
11-Aug,8,18,3,HT,1,1-7,NB,1.97,2,
11-Aug,8,18,4,HX,1,1-9,NB,66.68,5.6,
11-Aug,9,18,1,C,5,5-2,SB,1.9,3.6,
11-Aug,9,18,2,HS,5,5-6,SB,76.49,-11,
11-Aug,9,18,3,HT,1,1-7,NB,1.86,4.8,
11-Aug,9,18,4,HX,1,1-9,NB,70.39,8.5,
11-Aug,10,18,1,C,5,5-2,SB,1.61,-6,
11-Aug,10,18,2,HS,5,5-6,SB,77.64,-36.4,
11-Aug,10,18,3,HT,1,1-7,NB,1.63,-8,
11-Aug,10,18,4,HX,1,1-9,NB,63.49,-10.3,
11-Aug,11,18,1,C,5,5-2,SB,1.8,15.9,
11-Aug,11,18,2,HS,5,5-6,SB,75.15,6.1,
11-Aug,11,18,3,HT,1,1-7,NB,2.72,1.8,
11-Aug,11,18,4,HX,1,1-9,NB,61.52,0,
11-Aug,12,18,1,C,5,5-2,SB,2.16,-10.1,
11-Aug,12,18,2,HS,5,5-6,SB,70.45,-9.8,
11-Aug,12,18,3,HT,1,1-7,NB,2.91,-20.6,
11-Aug,12,18,4,HX,1,1-9,NB,56.24,3.7,
11-Aug,13,18,1,C,5,5-2,SB,0.99,-8.8,
11-Aug,13,18,2,HS,5,5-6,SB,64.25,13.8,
11-Aug,13,18,3,HT,1,1-7,NB,2.23,-5.7,
11-Aug,13,18,4,HX,1,1-9,NB,47.87,-7.2,
11-Aug,14,18,1,C,5,5-2,SB,1.74,4.7,
11-Aug,14,18,2,HS,5,5-6,SB,57.2,0.7,
11-Aug,14,18,3,HT,1,1-7,NB,1.91,16.7,
11-Aug,14,18,4,HX,1,1-9,NB,43.15,-37.3,
11-Aug,15,18,1,C,5,5-2,SB,1.35,2.3,
11-Aug,15,18,2,HS,5,5-6,SB,55.94,-1.4,
11-Aug,15,18,3,HT,1,1-7,NB,1.36,-3.9,
11-Aug,15,18,4,HX,1,1-9,NB,44.32,-6,
11-Aug,16,18,1,C,5,5-2,SB,2.3,167.1,
11-Aug,16,18,2,HS,5,5-6,SB,53.59,-3.8,
11-Aug,16,18,3,HT,1,1-7,NB,2.13,-0.7,
11-Aug,16,18,4,HX,1,1-9,NB,36.21,-17.4,
11-Aug,17,18,1,C,5,5-2,SB,1.89,8.8,
11-Aug,17,18,2,HS,5,5-6,SB,51.86,-10.7,
11-Aug,17,18,3,HT,1,1-7,NB,1.98,2.9,
11-Aug,17,18,4,HX,1,1-9,NB,37.22,-2.1,
11-Aug,18,18,1,C,5,5-2,SB,1.99,7.3,
11-Aug,18,18,2,HS,5,5-6,SB,52.19,0.7,
11-Aug,18,18,3,HT,1,1-7,NB,1.73,-16.1,
11-Aug,18,18,4,HX,1,1-9,NB,38.09,1.7,
11-Aug,19,18,1,C,5,5-2,SB,1.54,-3.5,
11-Aug,19,18,2,HS,5,5-6,SB,54.57,-7.8,
11-Aug,19,18,3,HT,1,1-7,NB,2.75,-1.5,
11-Aug,19,18,4,HX,1,1-9,NB,29.68,-14.1,
11-Aug,20,18,1,C,5,5-2,SB,1.54,-7.6,
11-Aug,20,18,2,HS,5,5-6,SB,57.72,-12.6,
11-Aug,20,18,3,HT,1,1-7,NB,1.19,4.1,
11-Aug,20,18,4,HX,1,1-9,NB,27.09,-7.9,
11-Aug,21,18,1,C,5,5-2,SB,2.3,11.9,
11-Aug,21,18,2,HS,5,5-6,SB,54.66,12.2,
11-Aug,21,18,3,HT,1,1-7,NB,1.1,-12.8,
11-Aug,21,18,4,HX,1,1-9,NB,25.29,34.6,
11-Aug,22,18,1,C,5,5-2,SB,0.96,-4.8,
11-Aug,22,18,2,HS,5,5-6,SB,54.98,-10.3,
11-Aug,22,18,3,HT,1,1-7,NB,1.83,-13.6,
11-Aug,22,18,4,HX,1,1-9,NB,23.96,9.1,
11-Aug,23,18,1,C,5,5-2,SB,2.05,-23.3,
11-Aug,23,18,2,HS,5,5-6,SB,60.88,-4,
11-Aug,23,18,3,HT,1,1-7,NB,1.31,-3.4,
11-Aug,23,18,4,HX,1,1-9,NB,26.47,5.6,
11-Aug,24,18,1,C,5,5-2,SB,0.98,3,
11-Aug,24,18,2,HS,5,5-6,SB,46.24,-6.6,
11-Aug,24,18,3,HT,1,1-7,NB,1.86,8.7,
11-Aug,24,18,4,HX,1,1-9,NB,21.48,3,